Cost_Ownership_Line_ID,Project_ID,Schedule_Activity_ID,Schedule_WP_ID,Funded_Cost_WP_ID,Cost_Component,Component_BAC_USD,Activity_Start,Activity_Finish,Calendar,Proposed_Rule_Code,Weights_Pct,Synthetic_Planned_Event_Dates,Scheduled_Recognition_Definition,Future_EV_Evidence_Requirement,Source_Method,Prior_Readiness_Status,Provenance,Approval_Status
CL0001,P01,P01-A1,P01-WP011,P01-WP011,SOURCE_WP_SCOPE,122100,2025-01-02,2025-01-15,MON_FRI_NO_HOLIDAYS,WORKDAY_SPREAD,PER_WORKDAY,ALL_BUSINESS_DAYS,"Evenly across inclusive scheduled Monday-Friday workdays, no holidays; final cent residual on last day.",Approve this LOE/planned-work proxy and physical progress EV rule separately,WORKDAY_OR_DELIVERABLE,DEFAULT_RULE_REQUIRES_APPROVAL,User-approved synthetic cost ownership; PV rule/date proxies newly proposed Phase 3F,APPROVED_SYNTHETIC_PV_RULE
CL0002,P01,P01-A2,P01-WP012,P01-WP012,SOURCE_WP_SCOPE,99900,2025-01-16,2025-01-22,MON_FRI_NO_HOLIDAYS,WORKDAY_SPREAD,PER_WORKDAY,ALL_BUSINESS_DAYS,"Evenly across inclusive scheduled Monday-Friday workdays, no holidays; final cent residual on last day.",Approve this LOE/planned-work proxy and physical progress EV rule separately,WORKDAY_OR_DELIVERABLE,DEFAULT_RULE_REQUIRES_APPROVAL,User-approved synthetic cost ownership; PV rule/date proxies newly proposed Phase 3F,APPROVED_SYNTHETIC_PV_RULE
CL0003,P01,P01-A3,P01-WP021,P01-WP021,SOURCE_WP_SCOPE,181300,2025-01-23,2025-02-19,MON_FRI_NO_HOLIDAYS,WORKDAY_SPREAD,PER_WORKDAY,ALL_BUSINESS_DAYS,"Evenly across inclusive scheduled Monday-Friday workdays, no holidays; final cent residual on last day.",Approve this LOE/planned-work proxy and physical progress EV rule separately,WORKDAY_OR_DELIVERABLE,DEFAULT_RULE_REQUIRES_APPROVAL,User-approved synthetic cost ownership; PV rule/date proxies newly proposed Phase 3F,APPROVED_SYNTHETIC_PV_RULE
CL0004,P01,P01-A4,P01-WP022,P01-WP022,SOURCE_WP_SCOPE,84175,2025-03-06,2025-04-09,MON_FRI_NO_HOLIDAYS,WORKDAY_SPREAD,PER_WORKDAY,ALL_BUSINESS_DAYS,"Evenly across inclusive scheduled Monday-Friday workdays, no holidays; final cent residual on last day.",Approve this LOE/planned-work proxy and physical progress EV rule separately,WORKDAY_OR_DELIVERABLE,DEFAULT_RULE_REQUIRES_APPROVAL,User-approved synthetic cost ownership; PV rule/date proxies newly proposed Phase 3F,APPROVED_SYNTHETIC_PV_RULE
CL0005,P01,P01-A4b,P01-WP022,P01-WP022,SOURCE_WP_SCOPE,84175,2025-04-10,2025-04-30,MON_FRI_NO_HOLIDAYS,WORKDAY_SPREAD,PER_WORKDAY,ALL_BUSINESS_DAYS,"Evenly across inclusive scheduled Monday-Friday workdays, no holidays; final cent residual on last day.",Approve this LOE/planned-work proxy and physical progress EV rule separately,WORKDAY_OR_DELIVERABLE,DEFAULT_RULE_REQUIRES_APPROVAL,User-approved synthetic cost ownership; PV rule/date proxies newly proposed Phase 3F,APPROVED_SYNTHETIC_PV_RULE
CL0006,P01,P01-A12,P01-WP022,P01-WP022,SOURCE_WP_SCOPE,168350,2025-10-14,2025-10-20,MON_FRI_NO_HOLIDAYS,FINAL_GATE,100,2025-10-20,100% at activity finish as synthetic scheduled acceptance proxy; later EV requires independent deliverable evidence.,Task-specific approved acceptance deliverable,WEIGHTED_DELIVERABLE,ACCEPTANCE_EVIDENCE_UNSPECIFIED,User-approved synthetic cost ownership; PV rule/date proxies newly proposed Phase 3F,APPROVED_SYNTHETIC_PV_RULE
CL0007,P01,P01-A7a,P01-WP031,P01-WP031,SOURCE_WP_SCOPE,69067,2025-05-15,2025-06-04,MON_FRI_NO_HOLIDAYS,PROCUREMENT_20_30_30_20,20|30|30|20,2025-05-19|2025-05-26|2025-05-30|2025-06-04,"Synthetic 20/30/30/20 stage weights at 20%, 50%, 80%, 100% of inclusive scheduled workdays; stage labels approval, fabrication, inspection, acceptance are proxies requiring substitution if inconsistent with activity scope.",Four distinct dated stage/acceptance records (provisional schedule-relative proxies),WORKDAY_OR_DELIVERABLE,WEIGHTS_AND_EVENT_DATES_UNSPECIFIED,User-approved synthetic cost ownership; PV rule/date proxies newly proposed Phase 3F,APPROVED_SYNTHETIC_PV_RULE
CL0008,P01,P01-A5,P01-WP031,P01-WP031,SOURCE_WP_SCOPE,69067,2025-03-27,2025-04-16,MON_FRI_NO_HOLIDAYS,WORKDAY_SPREAD,PER_WORKDAY,ALL_BUSINESS_DAYS,"Evenly across inclusive scheduled Monday-Friday workdays, no holidays; final cent residual on last day.",Approve this LOE/planned-work proxy and physical progress EV rule separately,WORKDAY_OR_DELIVERABLE,DEFAULT_RULE_REQUIRES_APPROVAL,User-approved synthetic cost ownership; PV rule/date proxies newly proposed Phase 3F,APPROVED_SYNTHETIC_PV_RULE
CL0009,P01,P01-A5b,P01-WP031,P01-WP031,SOURCE_WP_SCOPE,69066,2025-04-17,2025-04-30,MON_FRI_NO_HOLIDAYS,WORKDAY_SPREAD,PER_WORKDAY,ALL_BUSINESS_DAYS,"Evenly across inclusive scheduled Monday-Friday workdays, no holidays; final cent residual on last day.",Approve this LOE/planned-work proxy and physical progress EV rule separately,WORKDAY_OR_DELIVERABLE,DEFAULT_RULE_REQUIRES_APPROVAL,User-approved synthetic cost ownership; PV rule/date proxies newly proposed Phase 3F,APPROVED_SYNTHETIC_PV_RULE
CL0010,P01,P01-A6,P01-WP032,P01-WP032,SOURCE_WP_SCOPE,384800,2025-05-15,2025-06-04,MON_FRI_NO_HOLIDAYS,WORKDAY_SPREAD,PER_WORKDAY,ALL_BUSINESS_DAYS,"Evenly across inclusive scheduled Monday-Friday workdays, no holidays; final cent residual on last day.",Approve this LOE/planned-work proxy and physical progress EV rule separately,WORKDAY_OR_DELIVERABLE,DEFAULT_RULE_REQUIRES_APPROVAL,User-approved synthetic cost ownership; PV rule/date proxies newly proposed Phase 3F,APPROVED_SYNTHETIC_PV_RULE
CL0011,P01,P01-A7b,P01-WP041,P01-WP041,SOURCE_WP_SCOPE,1278720,2025-06-05,2025-07-16,MON_FRI_NO_HOLIDAYS,PROCUREMENT_20_30_30_20,20|30|30|20,2025-06-12|2025-06-25|2025-07-08|2025-07-16,"Synthetic 20/30/30/20 stage weights at 20%, 50%, 80%, 100% of inclusive scheduled workdays; stage labels approval, fabrication, inspection, acceptance are proxies requiring substitution if inconsistent with activity scope.",Four distinct dated stage/acceptance records (provisional schedule-relative proxies),WEIGHTED_DELIVERABLE,WEIGHTS_AND_EVENT_DATES_UNSPECIFIED,User-approved synthetic cost ownership; PV rule/date proxies newly proposed Phase 3F,APPROVED_SYNTHETIC_PV_RULE
CL0012,P01,P01-A4u,P01-WP041,P01-WP041,SOURCE_WP_SCOPE,319680,2025-02-20,2025-03-05,MON_FRI_NO_HOLIDAYS,WORKDAY_SPREAD,PER_WORKDAY,ALL_BUSINESS_DAYS,"Evenly across inclusive scheduled Monday-Friday workdays, no holidays; final cent residual on last day.",Approve this LOE/planned-work proxy and physical progress EV rule separately,WORKDAY_OR_DELIVERABLE,DEFAULT_RULE_REQUIRES_APPROVAL,User-approved synthetic cost ownership; PV rule/date proxies newly proposed Phase 3F,APPROVED_SYNTHETIC_PV_RULE
CL0013,P01,P01-A7c,P01-WP041,P01-WP041,SOURCE_WP_SCOPE,1278720,2025-07-17,2025-07-28,MON_FRI_NO_HOLIDAYS,PROCUREMENT_20_30_30_20,20|30|30|20,2025-07-18|2025-07-22|2025-07-25|2025-07-28,"Synthetic 20/30/30/20 stage weights at 20%, 50%, 80%, 100% of inclusive scheduled workdays; stage labels approval, fabrication, inspection, acceptance are proxies requiring substitution if inconsistent with activity scope.",Four distinct dated stage/acceptance records (provisional schedule-relative proxies),WEIGHTED_DELIVERABLE,WEIGHTS_AND_EVENT_DATES_UNSPECIFIED,User-approved synthetic cost ownership; PV rule/date proxies newly proposed Phase 3F,APPROVED_SYNTHETIC_PV_RULE
CL0014,P01,P01-A8,P01-WP041,P01-WP041,SOURCE_WP_SCOPE,319680,2025-07-29,2025-09-29,MON_FRI_NO_HOLIDAYS,WORKDAY_FALLBACK,PER_WORKDAY,ALL_BUSINESS_DAYS,Even workday spread pending planned installation quantities; do not describe workday progression as measured physical quantity.,Approved workday fallback or quantity schedule,WORKDAY_OR_DELIVERABLE,DEFAULT_RULE_REQUIRES_APPROVAL,User-approved synthetic cost ownership; PV rule/date proxies newly proposed Phase 3F,APPROVED_SYNTHETIC_PV_RULE
CL0015,P01,P01-A15,P01-WP041,P01-WP041,SOURCE_WP_SCOPE,639360,2025-11-11,2025-11-24,MON_FRI_NO_HOLIDAYS,FINAL_GATE,100,2025-11-24,100% at activity finish as synthetic scheduled acceptance proxy; later EV requires independent deliverable evidence.,Task-specific approved acceptance deliverable,WEIGHTED_DELIVERABLE,ACCEPTANCE_EVIDENCE_UNSPECIFIED,User-approved synthetic cost ownership; PV rule/date proxies newly proposed Phase 3F,APPROVED_SYNTHETIC_PV_RULE
CL0016,P01,P01-A9,P01-WP042,P01-WP042,SOURCE_WP_SCOPE,426240,2025-08-19,2025-09-08,MON_FRI_NO_HOLIDAYS,WORKDAY_FALLBACK,PER_WORKDAY,ALL_BUSINESS_DAYS,Even workday spread pending planned installation quantities; do not describe workday progression as measured physical quantity.,Approved workday fallback or quantity schedule,WORKDAY_OR_DELIVERABLE,DEFAULT_RULE_REQUIRES_APPROVAL,User-approved synthetic cost ownership; PV rule/date proxies newly proposed Phase 3F,APPROVED_SYNTHETIC_PV_RULE
CL0017,P01,P01-A9b,P01-WP042,P01-WP042,SOURCE_WP_SCOPE,426240,2025-08-26,2025-09-08,MON_FRI_NO_HOLIDAYS,WORKDAY_SPREAD,PER_WORKDAY,ALL_BUSINESS_DAYS,"Evenly across inclusive scheduled Monday-Friday workdays, no holidays; final cent residual on last day.",Approve this LOE/planned-work proxy and physical progress EV rule separately,WORKDAY_OR_DELIVERABLE,DEFAULT_RULE_REQUIRES_APPROVAL,User-approved synthetic cost ownership; PV rule/date proxies newly proposed Phase 3F,APPROVED_SYNTHETIC_PV_RULE
CL0018,P01,P01-A10,P01-WP043,P01-WP043,SOURCE_WP_SCOPE,639360,2025-10-21,2025-11-10,MON_FRI_NO_HOLIDAYS,WORKDAY_FALLBACK,PER_WORKDAY,ALL_BUSINESS_DAYS,Even workday spread pending planned installation quantities; do not describe workday progression as measured physical quantity.,Approved workday fallback or quantity schedule,QUANTITY_OR_WEIGHTED,QUANTITY_PROFILE_OR_FALLBACK_UNSPECIFIED,User-approved synthetic cost ownership; PV rule/date proxies newly proposed Phase 3F,APPROVED_SYNTHETIC_PV_RULE
CL0019,P01,P01-A11,P01-WP051,P01-WP051,SOURCE_WP_SCOPE,518000,2025-10-07,2025-10-13,MON_FRI_NO_HOLIDAYS,FINAL_GATE,100,2025-10-13,100% at activity finish as synthetic scheduled acceptance proxy; later EV requires independent deliverable evidence.,Task-specific approved acceptance deliverable,WEIGHTED_DELIVERABLE,ACCEPTANCE_EVIDENCE_UNSPECIFIED,User-approved synthetic cost ownership; PV rule/date proxies newly proposed Phase 3F,APPROVED_SYNTHETIC_PV_RULE
CL0020,P01,P01-A13,P01-WP061,P01-WP061,SOURCE_WP_SCOPE,144300,2025-11-25,2025-12-08,MON_FRI_NO_HOLIDAYS,FINAL_GATE,100,2025-12-08,100% at activity finish as synthetic scheduled acceptance proxy; later EV requires independent deliverable evidence.,Task-specific approved acceptance deliverable,WORKDAY_OR_DELIVERABLE,ACCEPTANCE_EVIDENCE_UNSPECIFIED,User-approved synthetic cost ownership; PV rule/date proxies newly proposed Phase 3F,APPROVED_SYNTHETIC_PV_RULE
CL0021,P01,P01-A14,P01-WP062,P01-WP062,SOURCE_WP_SCOPE,77700,2025-12-09,2025-12-29,MON_FRI_NO_HOLIDAYS,FINAL_GATE,100,2025-12-29,100% at activity finish as synthetic scheduled acceptance proxy; later EV requires independent deliverable evidence.,Task-specific approved acceptance deliverable,WORKDAY_OR_DELIVERABLE,ACCEPTANCE_EVIDENCE_UNSPECIFIED,User-approved synthetic cost ownership; PV rule/date proxies newly proposed Phase 3F,APPROVED_SYNTHETIC_PV_RULE
CL0022,P02,P02-A1,P02-WP011,P02-WP011,SOURCE_WP_SCOPE,132000,2025-02-03,2025-02-14,MON_FRI_NO_HOLIDAYS,WORKDAY_SPREAD,PER_WORKDAY,ALL_BUSINESS_DAYS,"Evenly across inclusive scheduled Monday-Friday workdays, no holidays; final cent residual on last day.",Approve this LOE/planned-work proxy and physical progress EV rule separately,WORKDAY_OR_DELIVERABLE,DEFAULT_RULE_REQUIRES_APPROVAL,User-approved synthetic cost ownership; PV rule/date proxies newly proposed Phase 3F,APPROVED_SYNTHETIC_PV_RULE
CL0023,P02,P02-A2,P02-WP012,P02-WP012,SOURCE_WP_SCOPE,132000,2025-02-17,2025-02-21,MON_FRI_NO_HOLIDAYS,WORKDAY_SPREAD,PER_WORKDAY,ALL_BUSINESS_DAYS,"Evenly across inclusive scheduled Monday-Friday workdays, no holidays; final cent residual on last day.",Approve this LOE/planned-work proxy and physical progress EV rule separately,WORKDAY_OR_DELIVERABLE,DEFAULT_RULE_REQUIRES_APPROVAL,User-approved synthetic cost ownership; PV rule/date proxies newly proposed Phase 3F,APPROVED_SYNTHETIC_PV_RULE
CL0024,P02,P02-A3,P02-WP021,P02-WP021,SOURCE_WP_SCOPE,277200,2025-02-24,2025-03-21,MON_FRI_NO_HOLIDAYS,WORKDAY_SPREAD,PER_WORKDAY,ALL_BUSINESS_DAYS,"Evenly across inclusive scheduled Monday-Friday workdays, no holidays; final cent residual on last day.",Approve this LOE/planned-work proxy and physical progress EV rule separately,WORKDAY_OR_DELIVERABLE,DEFAULT_RULE_REQUIRES_APPROVAL,User-approved synthetic cost ownership; PV rule/date proxies newly proposed Phase 3F,APPROVED_SYNTHETIC_PV_RULE
CL0025,P02,P02-A4,P02-WP022,P02-WP022,SOURCE_WP_SCOPE,257400,2025-03-24,2025-04-25,MON_FRI_NO_HOLIDAYS,WORKDAY_SPREAD,PER_WORKDAY,ALL_BUSINESS_DAYS,"Evenly across inclusive scheduled Monday-Friday workdays, no holidays; final cent residual on last day.",Approve this LOE/planned-work proxy and physical progress EV rule separately,WORKDAY_OR_DELIVERABLE,DEFAULT_RULE_REQUIRES_APPROVAL,User-approved synthetic cost ownership; PV rule/date proxies newly proposed Phase 3F,APPROVED_SYNTHETIC_PV_RULE
CL0026,P02,P02-A4b,P02-WP022,P02-WP022,SOURCE_WP_SCOPE,257400,2025-04-28,2025-05-23,MON_FRI_NO_HOLIDAYS,WORKDAY_SPREAD,PER_WORKDAY,ALL_BUSINESS_DAYS,"Evenly across inclusive scheduled Monday-Friday workdays, no holidays; final cent residual on last day.",Approve this LOE/planned-work proxy and physical progress EV rule separately,WORKDAY_OR_DELIVERABLE,DEFAULT_RULE_REQUIRES_APPROVAL,User-approved synthetic cost ownership; PV rule/date proxies newly proposed Phase 3F,APPROVED_SYNTHETIC_PV_RULE
CL0027,P02,P02-A5,P02-WP031,P02-WP031,SOURCE_WP_SCOPE,107800,2025-04-14,2025-05-02,MON_FRI_NO_HOLIDAYS,WORKDAY_SPREAD,PER_WORKDAY,ALL_BUSINESS_DAYS,"Evenly across inclusive scheduled Monday-Friday workdays, no holidays; final cent residual on last day.",Approve this LOE/planned-work proxy and physical progress EV rule separately,WORKDAY_OR_DELIVERABLE,DEFAULT_RULE_REQUIRES_APPROVAL,User-approved synthetic cost ownership; PV rule/date proxies newly proposed Phase 3F,APPROVED_SYNTHETIC_PV_RULE
CL0028,P02,P02-A5b,P02-WP031,P02-WP031,SOURCE_WP_SCOPE,107800,2025-05-05,2025-05-16,MON_FRI_NO_HOLIDAYS,WORKDAY_SPREAD,PER_WORKDAY,ALL_BUSINESS_DAYS,"Evenly across inclusive scheduled Monday-Friday workdays, no holidays; final cent residual on last day.",Approve this LOE/planned-work proxy and physical progress EV rule separately,WORKDAY_OR_DELIVERABLE,DEFAULT_RULE_REQUIRES_APPROVAL,User-approved synthetic cost ownership; PV rule/date proxies newly proposed Phase 3F,APPROVED_SYNTHETIC_PV_RULE
CL0029,P02,P02-A6,P02-WP032,P02-WP032,SOURCE_WP_SCOPE,400400,2025-06-02,2025-06-13,MON_FRI_NO_HOLIDAYS,WORKDAY_SPREAD,PER_WORKDAY,ALL_BUSINESS_DAYS,"Evenly across inclusive scheduled Monday-Friday workdays, no holidays; final cent residual on last day.",Approve this LOE/planned-work proxy and physical progress EV rule separately,WORKDAY_OR_DELIVERABLE,DEFAULT_RULE_REQUIRES_APPROVAL,User-approved synthetic cost ownership; PV rule/date proxies newly proposed Phase 3F,APPROVED_SYNTHETIC_PV_RULE
CL0030,P02,P02-A6b,P02-WP041,P02-WP041,SOURCE_WP_SCOPE,190080,2025-02-03,2025-02-21,MON_FRI_NO_HOLIDAYS,WORKDAY_SPREAD,PER_WORKDAY,ALL_BUSINESS_DAYS,"Evenly across inclusive scheduled Monday-Friday workdays, no holidays; final cent residual on last day.",Approve this LOE/planned-work proxy and physical progress EV rule separately,WORKDAY_OR_DELIVERABLE,DEFAULT_RULE_REQUIRES_APPROVAL,User-approved synthetic cost ownership; PV rule/date proxies newly proposed Phase 3F,APPROVED_SYNTHETIC_PV_RULE
CL0031,P02,P02-A7a,P02-WP041,P02-WP041,SOURCE_WP_SCOPE,190080,2025-06-02,2025-06-27,MON_FRI_NO_HOLIDAYS,PROCUREMENT_20_30_30_20,20|30|30|20,2025-06-05|2025-06-13|2025-06-23|2025-06-27,"Synthetic 20/30/30/20 stage weights at 20%, 50%, 80%, 100% of inclusive scheduled workdays; stage labels approval, fabrication, inspection, acceptance are proxies requiring substitution if inconsistent with activity scope.",Four distinct dated stage/acceptance records (provisional schedule-relative proxies),WORKDAY_OR_DELIVERABLE,WEIGHTS_AND_EVENT_DATES_UNSPECIFIED,User-approved synthetic cost ownership; PV rule/date proxies newly proposed Phase 3F,APPROVED_SYNTHETIC_PV_RULE
CL0032,P02,P02-A8,P02-WP041,P02-WP041,SOURCE_WP_SCOPE,190080,2025-06-16,2025-06-27,MON_FRI_NO_HOLIDAYS,WORKDAY_FALLBACK,PER_WORKDAY,ALL_BUSINESS_DAYS,Even workday spread pending planned installation quantities; do not describe workday progression as measured physical quantity.,Approved workday fallback or quantity schedule,WORKDAY_OR_DELIVERABLE,DEFAULT_RULE_REQUIRES_APPROVAL,User-approved synthetic cost ownership; PV rule/date proxies newly proposed Phase 3F,APPROVED_SYNTHETIC_PV_RULE
CL0033,P02,P02-A7b,P02-WP041,P02-WP041,SOURCE_WP_SCOPE,760320,2025-06-30,2025-10-31,MON_FRI_NO_HOLIDAYS,PROCUREMENT_20_30_30_20,20|30|30|20,2025-07-23|2025-08-29|2025-10-07|2025-10-31,"Synthetic 20/30/30/20 stage weights at 20%, 50%, 80%, 100% of inclusive scheduled workdays; stage labels approval, fabrication, inspection, acceptance are proxies requiring substitution if inconsistent with activity scope.",Four distinct dated stage/acceptance records (provisional schedule-relative proxies),WEIGHTED_DELIVERABLE,WEIGHTS_AND_EVENT_DATES_UNSPECIFIED,User-approved synthetic cost ownership; PV rule/date proxies newly proposed Phase 3F,APPROVED_SYNTHETIC_PV_RULE
CL0034,P02,P02-A9,P02-WP041,P02-WP041,SOURCE_WP_SCOPE,190080,2025-06-30,2025-07-18,MON_FRI_NO_HOLIDAYS,WORKDAY_SPREAD,PER_WORKDAY,ALL_BUSINESS_DAYS,"Evenly across inclusive scheduled Monday-Friday workdays, no holidays; final cent residual on last day.",Approve this LOE/planned-work proxy and physical progress EV rule separately,WORKDAY_OR_DELIVERABLE,DEFAULT_RULE_REQUIRES_APPROVAL,User-approved synthetic cost ownership; PV rule/date proxies newly proposed Phase 3F,APPROVED_SYNTHETIC_PV_RULE
CL0035,P02,P02-A7c,P02-WP041,P02-WP041,SOURCE_WP_SCOPE,190080,2025-11-03,2025-11-14,MON_FRI_NO_HOLIDAYS,WORKDAY_SPREAD,PER_WORKDAY,ALL_BUSINESS_DAYS,"Evenly across inclusive scheduled Monday-Friday workdays, no holidays; final cent residual on last day.",Approve this LOE/planned-work proxy and physical progress EV rule separately,WORKDAY_OR_DELIVERABLE,DEFAULT_RULE_REQUIRES_APPROVAL,User-approved synthetic cost ownership; PV rule/date proxies newly proposed Phase 3F,APPROVED_SYNTHETIC_PV_RULE
CL0036,P02,P02-A7d,P02-WP041,P02-WP041,SOURCE_WP_SCOPE,760320,2025-11-17,2025-11-26,MON_FRI_NO_HOLIDAYS,PROCUREMENT_20_30_30_20,20|30|30|20,2025-11-18|2025-11-20|2025-11-25|2025-11-26,"Synthetic 20/30/30/20 stage weights at 20%, 50%, 80%, 100% of inclusive scheduled workdays; stage labels approval, fabrication, inspection, acceptance are proxies requiring substitution if inconsistent with activity scope.",Four distinct dated stage/acceptance records (provisional schedule-relative proxies),WEIGHTED_DELIVERABLE,WEIGHTS_AND_EVENT_DATES_UNSPECIFIED,User-approved synthetic cost ownership; PV rule/date proxies newly proposed Phase 3F,APPROVED_SYNTHETIC_PV_RULE
CL0037,P02,P02-A10,P02-WP041,P02-WP041,SOURCE_WP_SCOPE,190080,2025-11-27,2025-12-31,MON_FRI_NO_HOLIDAYS,WORKDAY_FALLBACK,PER_WORKDAY,ALL_BUSINESS_DAYS,Even workday spread pending planned installation quantities; do not describe workday progression as measured physical quantity.,Approved workday fallback or quantity schedule,WORKDAY_OR_DELIVERABLE,DEFAULT_RULE_REQUIRES_APPROVAL,User-approved synthetic cost ownership; PV rule/date proxies newly proposed Phase 3F,APPROVED_SYNTHETIC_PV_RULE
CL0038,P02,P02-A15b,P02-WP041,P02-WP041,SOURCE_WP_SCOPE,380160,2026-01-22,2026-02-04,MON_FRI_NO_HOLIDAYS,FINAL_GATE,100,2026-02-04,100% at activity finish as synthetic scheduled acceptance proxy; later EV requires independent deliverable evidence.,Task-specific approved acceptance deliverable,WEIGHTED_DELIVERABLE,ACCEPTANCE_EVIDENCE_UNSPECIFIED,User-approved synthetic cost ownership; PV rule/date proxies newly proposed Phase 3F,APPROVED_SYNTHETIC_PV_RULE
CL0039,P02,P02-A11a,P02-WP042,P02-WP042,SOURCE_WP_SCOPE,221760,2025-06-02,2025-06-27,MON_FRI_NO_HOLIDAYS,PROCUREMENT_20_30_30_20,20|30|30|20,2025-06-05|2025-06-13|2025-06-23|2025-06-27,"Synthetic 20/30/30/20 stage weights at 20%, 50%, 80%, 100% of inclusive scheduled workdays; stage labels approval, fabrication, inspection, acceptance are proxies requiring substitution if inconsistent with activity scope.",Four distinct dated stage/acceptance records (provisional schedule-relative proxies),WORKDAY_OR_DELIVERABLE,WEIGHTS_AND_EVENT_DATES_UNSPECIFIED,User-approved synthetic cost ownership; PV rule/date proxies newly proposed Phase 3F,APPROVED_SYNTHETIC_PV_RULE
CL0040,P02,P02-A6c,P02-WP042,P02-WP042,SOURCE_WP_SCOPE,221760,2025-02-03,2025-02-21,MON_FRI_NO_HOLIDAYS,WORKDAY_SPREAD,PER_WORKDAY,ALL_BUSINESS_DAYS,"Evenly across inclusive scheduled Monday-Friday workdays, no holidays; final cent residual on last day.",Approve this LOE/planned-work proxy and physical progress EV rule separately,WORKDAY_OR_DELIVERABLE,DEFAULT_RULE_REQUIRES_APPROVAL,User-approved synthetic cost ownership; PV rule/date proxies newly proposed Phase 3F,APPROVED_SYNTHETIC_PV_RULE
CL0041,P02,P02-A11b,P02-WP042,P02-WP042,SOURCE_WP_SCOPE,887040,2025-06-30,2025-10-17,MON_FRI_NO_HOLIDAYS,PROCUREMENT_20_30_30_20,20|30|30|20,2025-07-21|2025-08-22|2025-09-25|2025-10-17,"Synthetic 20/30/30/20 stage weights at 20%, 50%, 80%, 100% of inclusive scheduled workdays; stage labels approval, fabrication, inspection, acceptance are proxies requiring substitution if inconsistent with activity scope.",Four distinct dated stage/acceptance records (provisional schedule-relative proxies),WEIGHTED_DELIVERABLE,WEIGHTS_AND_EVENT_DATES_UNSPECIFIED,User-approved synthetic cost ownership; PV rule/date proxies newly proposed Phase 3F,APPROVED_SYNTHETIC_PV_RULE
CL0042,P02,P02-A11c,P02-WP042,P02-WP042,SOURCE_WP_SCOPE,221760,2025-10-20,2025-10-31,MON_FRI_NO_HOLIDAYS,WORKDAY_SPREAD,PER_WORKDAY,ALL_BUSINESS_DAYS,"Evenly across inclusive scheduled Monday-Friday workdays, no holidays; final cent residual on last day.",Approve this LOE/planned-work proxy and physical progress EV rule separately,WORKDAY_OR_DELIVERABLE,DEFAULT_RULE_REQUIRES_APPROVAL,User-approved synthetic cost ownership; PV rule/date proxies newly proposed Phase 3F,APPROVED_SYNTHETIC_PV_RULE
CL0043,P02,P02-A11d,P02-WP042,P02-WP042,SOURCE_WP_SCOPE,887040,2025-11-03,2025-11-12,MON_FRI_NO_HOLIDAYS,PROCUREMENT_20_30_30_20,20|30|30|20,2025-11-04|2025-11-06|2025-11-11|2025-11-12,"Synthetic 20/30/30/20 stage weights at 20%, 50%, 80%, 100% of inclusive scheduled workdays; stage labels approval, fabrication, inspection, acceptance are proxies requiring substitution if inconsistent with activity scope.",Four distinct dated stage/acceptance records (provisional schedule-relative proxies),WEIGHTED_DELIVERABLE,WEIGHTS_AND_EVENT_DATES_UNSPECIFIED,User-approved synthetic cost ownership; PV rule/date proxies newly proposed Phase 3F,APPROVED_SYNTHETIC_PV_RULE
CL0044,P02,P02-A12,P02-WP042,P02-WP042,SOURCE_WP_SCOPE,221760,2025-11-13,2025-12-10,MON_FRI_NO_HOLIDAYS,WORKDAY_FALLBACK,PER_WORKDAY,ALL_BUSINESS_DAYS,Even workday spread pending planned installation quantities; do not describe workday progression as measured physical quantity.,Approved workday fallback or quantity schedule,WORKDAY_OR_DELIVERABLE,DEFAULT_RULE_REQUIRES_APPROVAL,User-approved synthetic cost ownership; PV rule/date proxies newly proposed Phase 3F,APPROVED_SYNTHETIC_PV_RULE
CL0045,P02,P02-A13,P02-WP043,P02-WP043,SOURCE_WP_SCOPE,633600,2025-07-21,2025-08-15,MON_FRI_NO_HOLIDAYS,WORKDAY_SPREAD,PER_WORKDAY,ALL_BUSINESS_DAYS,"Evenly across inclusive scheduled Monday-Friday workdays, no holidays; final cent residual on last day.",Approve this LOE/planned-work proxy and physical progress EV rule separately,WORKDAY_OR_DELIVERABLE,QUANTITY_PROFILE_OR_FALLBACK_UNSPECIFIED,User-approved synthetic cost ownership; PV rule/date proxies newly proposed Phase 3F,APPROVED_SYNTHETIC_PV_RULE
CL0046,P02,P02-A14,P02-WP051,P02-WP051,SOURCE_WP_SCOPE,264000,2026-01-01,2026-01-14,MON_FRI_NO_HOLIDAYS,FINAL_GATE,100,2026-01-14,100% at activity finish as synthetic scheduled acceptance proxy; later EV requires independent deliverable evidence.,Task-specific approved acceptance deliverable,WEIGHTED_DELIVERABLE,ACCEPTANCE_EVIDENCE_UNSPECIFIED,User-approved synthetic cost ownership; PV rule/date proxies newly proposed Phase 3F,APPROVED_SYNTHETIC_PV_RULE
CL0047,P02,P02-A15,P02-WP051,P02-WP051,SOURCE_WP_SCOPE,264000,2026-01-15,2026-01-21,MON_FRI_NO_HOLIDAYS,FINAL_GATE,100,2026-01-21,100% at activity finish as synthetic scheduled acceptance proxy; later EV requires independent deliverable evidence.,Task-specific approved acceptance deliverable,WEIGHTED_DELIVERABLE,DEFAULT_RULE_REQUIRES_APPROVAL,User-approved synthetic cost ownership; PV rule/date proxies newly proposed Phase 3F,APPROVED_SYNTHETIC_PV_RULE
CL0048,P02,P02-A16,P02-WP061,P02-WP061,SOURCE_WP_SCOPE,171600,2026-01-22,2026-02-04,MON_FRI_NO_HOLIDAYS,FINAL_GATE,100,2026-02-04,100% at activity finish as synthetic scheduled acceptance proxy; later EV requires independent deliverable evidence.,Task-specific approved acceptance deliverable,WORKDAY_OR_DELIVERABLE,ACCEPTANCE_EVIDENCE_UNSPECIFIED,User-approved synthetic cost ownership; PV rule/date proxies newly proposed Phase 3F,APPROVED_SYNTHETIC_PV_RULE
CL0049,P02,P02-A17,P02-WP062,P02-WP062,SOURCE_WP_SCOPE,92400,2026-02-05,2026-02-25,MON_FRI_NO_HOLIDAYS,FINAL_GATE,100,2026-02-25,100% at activity finish as synthetic scheduled acceptance proxy; later EV requires independent deliverable evidence.,Task-specific approved acceptance deliverable,WORKDAY_OR_DELIVERABLE,ACCEPTANCE_EVIDENCE_UNSPECIFIED,User-approved synthetic cost ownership; PV rule/date proxies newly proposed Phase 3F,APPROVED_SYNTHETIC_PV_RULE
CL0050,P03,P03-A1,P03-WP011,P03-WP011,SOURCE_WP_SCOPE,274050,2025-01-02,2025-01-22,MON_FRI_NO_HOLIDAYS,WORKDAY_SPREAD,PER_WORKDAY,ALL_BUSINESS_DAYS,"Evenly across inclusive scheduled Monday-Friday workdays, no holidays; final cent residual on last day.",Approve this LOE/planned-work proxy and physical progress EV rule separately,WORKDAY_OR_DELIVERABLE,DEFAULT_RULE_REQUIRES_APPROVAL,User-approved synthetic cost ownership; PV rule/date proxies newly proposed Phase 3F,APPROVED_SYNTHETIC_PV_RULE
CL0051,P03,P03-A2,P03-WP012,P03-WP012,SOURCE_WP_SCOPE,334950,2025-01-23,2025-02-05,MON_FRI_NO_HOLIDAYS,WORKDAY_SPREAD,PER_WORKDAY,ALL_BUSINESS_DAYS,"Evenly across inclusive scheduled Monday-Friday workdays, no holidays; final cent residual on last day.",Approve this LOE/planned-work proxy and physical progress EV rule separately,WORKDAY_OR_DELIVERABLE,DEFAULT_RULE_REQUIRES_APPROVAL,User-approved synthetic cost ownership; PV rule/date proxies newly proposed Phase 3F,APPROVED_SYNTHETIC_PV_RULE
CL0052,P03,P03-A3,P03-WP021,P03-WP021,SOURCE_WP_SCOPE,292320,2025-02-20,2025-04-16,MON_FRI_NO_HOLIDAYS,WORKDAY_SPREAD,PER_WORKDAY,ALL_BUSINESS_DAYS,"Evenly across inclusive scheduled Monday-Friday workdays, no holidays; final cent residual on last day.",Approve this LOE/planned-work proxy and physical progress EV rule separately,WORKDAY_OR_DELIVERABLE,DEFAULT_RULE_REQUIRES_APPROVAL,User-approved synthetic cost ownership; PV rule/date proxies newly proposed Phase 3F,APPROVED_SYNTHETIC_PV_RULE
CL0053,P03,P03-A4,P03-WP021,P03-WP021,SOURCE_WP_SCOPE,292320,2025-04-17,2025-05-07,MON_FRI_NO_HOLIDAYS,WORKDAY_SPREAD,PER_WORKDAY,ALL_BUSINESS_DAYS,"Evenly across inclusive scheduled Monday-Friday workdays, no holidays; final cent residual on last day.",Approve this LOE/planned-work proxy and physical progress EV rule separately,WORKDAY_OR_DELIVERABLE,DEFAULT_RULE_REQUIRES_APPROVAL,User-approved synthetic cost ownership; PV rule/date proxies newly proposed Phase 3F,APPROVED_SYNTHETIC_PV_RULE
CL0054,P03,P03-A2b,P03-WP022,P03-WP022,SOURCE_WP_SCOPE,138040,2025-02-06,2025-02-19,MON_FRI_NO_HOLIDAYS,WORKDAY_SPREAD,PER_WORKDAY,ALL_BUSINESS_DAYS,"Evenly across inclusive scheduled Monday-Friday workdays, no holidays; final cent residual on last day.",Approve this LOE/planned-work proxy and physical progress EV rule separately,WORKDAY_OR_DELIVERABLE,DEFAULT_RULE_REQUIRES_APPROVAL,User-approved synthetic cost ownership; PV rule/date proxies newly proposed Phase 3F,APPROVED_SYNTHETIC_PV_RULE
CL0055,P03,P03-A5,P03-WP022,P03-WP022,SOURCE_WP_SCOPE,414120,2025-05-08,2025-06-18,MON_FRI_NO_HOLIDAYS,WORKDAY_FALLBACK,PER_WORKDAY,ALL_BUSINESS_DAYS,Even workday spread pending planned installation quantities; do not describe workday progression as measured physical quantity.,Approved workday fallback or quantity schedule,QUANTITY_OR_WEIGHTED,DEFAULT_RULE_REQUIRES_APPROVAL,User-approved synthetic cost ownership; PV rule/date proxies newly proposed Phase 3F,APPROVED_SYNTHETIC_PV_RULE
CL0056,P03,P03-A6,P03-WP022,P03-WP022,SOURCE_WP_SCOPE,138040,2025-06-19,2025-07-09,MON_FRI_NO_HOLIDAYS,WORKDAY_SPREAD,PER_WORKDAY,ALL_BUSINESS_DAYS,"Evenly across inclusive scheduled Monday-Friday workdays, no holidays; final cent residual on last day.",Approve this LOE/planned-work proxy and physical progress EV rule separately,WORKDAY_OR_DELIVERABLE,DEFAULT_RULE_REQUIRES_APPROVAL,User-approved synthetic cost ownership; PV rule/date proxies newly proposed Phase 3F,APPROVED_SYNTHETIC_PV_RULE
CL0057,P03,P03-A7,P03-WP022,P03-WP022,SOURCE_WP_SCOPE,138040,2025-06-26,2025-07-23,MON_FRI_NO_HOLIDAYS,WORKDAY_SPREAD,PER_WORKDAY,ALL_BUSINESS_DAYS,"Evenly across inclusive scheduled Monday-Friday workdays, no holidays; final cent residual on last day.",Approve this LOE/planned-work proxy and physical progress EV rule separately,WORKDAY_OR_DELIVERABLE,DEFAULT_RULE_REQUIRES_APPROVAL,User-approved synthetic cost ownership; PV rule/date proxies newly proposed Phase 3F,APPROVED_SYNTHETIC_PV_RULE
CL0058,P03,P03-A7b,P03-WP022,P03-WP022,SOURCE_WP_SCOPE,138040,2025-07-24,2025-09-03,MON_FRI_NO_HOLIDAYS,WORKDAY_SPREAD,PER_WORKDAY,ALL_BUSINESS_DAYS,"Evenly across inclusive scheduled Monday-Friday workdays, no holidays; final cent residual on last day.",Approve this LOE/planned-work proxy and physical progress EV rule separately,WORKDAY_OR_DELIVERABLE,DEFAULT_RULE_REQUIRES_APPROVAL,User-approved synthetic cost ownership; PV rule/date proxies newly proposed Phase 3F,APPROVED_SYNTHETIC_PV_RULE
CL0059,P03,P03-A30,P03-WP022,P03-WP022,SOURCE_WP_SCOPE,276080,2026-11-05,2026-12-02,MON_FRI_NO_HOLIDAYS,FINAL_GATE,100,2026-12-02,100% at activity finish as synthetic scheduled acceptance proxy; later EV requires independent deliverable evidence.,Task-specific approved acceptance deliverable,WEIGHTED_DELIVERABLE,ACCEPTANCE_EVIDENCE_UNSPECIFIED,User-approved synthetic cost ownership; PV rule/date proxies newly proposed Phase 3F,APPROVED_SYNTHETIC_PV_RULE
CL0060,P03,P03-A8,P03-WP031,P03-WP031,SOURCE_WP_SCOPE,248675,2025-07-10,2025-08-06,MON_FRI_NO_HOLIDAYS,WORKDAY_SPREAD,PER_WORKDAY,ALL_BUSINESS_DAYS,"Evenly across inclusive scheduled Monday-Friday workdays, no holidays; final cent residual on last day.",Approve this LOE/planned-work proxy and physical progress EV rule separately,WORKDAY_OR_DELIVERABLE,DEFAULT_RULE_REQUIRES_APPROVAL,User-approved synthetic cost ownership; PV rule/date proxies newly proposed Phase 3F,APPROVED_SYNTHETIC_PV_RULE
CL0061,P03,P03-A9,P03-WP031,P03-WP031,SOURCE_WP_SCOPE,248675,2025-08-07,2025-08-27,MON_FRI_NO_HOLIDAYS,WORKDAY_SPREAD,PER_WORKDAY,ALL_BUSINESS_DAYS,"Evenly across inclusive scheduled Monday-Friday workdays, no holidays; final cent residual on last day.",Approve this LOE/planned-work proxy and physical progress EV rule separately,WORKDAY_OR_DELIVERABLE,DEFAULT_RULE_REQUIRES_APPROVAL,User-approved synthetic cost ownership; PV rule/date proxies newly proposed Phase 3F,APPROVED_SYNTHETIC_PV_RULE
CL0062,P03,P03-A9b,P03-WP032,P03-WP032,SOURCE_WP_SCOPE,461825,2025-08-28,2025-09-17,MON_FRI_NO_HOLIDAYS,WORKDAY_SPREAD,PER_WORKDAY,ALL_BUSINESS_DAYS,"Evenly across inclusive scheduled Monday-Friday workdays, no holidays; final cent residual on last day.",Approve this LOE/planned-work proxy and physical progress EV rule separately,WORKDAY_OR_DELIVERABLE,DEFAULT_RULE_REQUIRES_APPROVAL,User-approved synthetic cost ownership; PV rule/date proxies newly proposed Phase 3F,APPROVED_SYNTHETIC_PV_RULE
CL0063,P03,P03-A10,P03-WP032,P03-WP032,SOURCE_WP_SCOPE,461825,2025-09-18,2025-10-15,MON_FRI_NO_HOLIDAYS,WORKDAY_SPREAD,PER_WORKDAY,ALL_BUSINESS_DAYS,"Evenly across inclusive scheduled Monday-Friday workdays, no holidays; final cent residual on last day.",Approve this LOE/planned-work proxy and physical progress EV rule separately,WORKDAY_OR_DELIVERABLE,DEFAULT_RULE_REQUIRES_APPROVAL,User-approved synthetic cost ownership; PV rule/date proxies newly proposed Phase 3F,APPROVED_SYNTHETIC_PV_RULE
CL0064,P03,P03-A11,P03-WP041,P03-WP041,SOURCE_WP_SCOPE,434659,2025-09-18,2025-10-15,MON_FRI_NO_HOLIDAYS,PROCUREMENT_20_30_30_20,20|30|30|20,2025-09-23|2025-10-01|2025-10-09|2025-10-15,"Synthetic 20/30/30/20 stage weights at 20%, 50%, 80%, 100% of inclusive scheduled workdays; stage labels approval, fabrication, inspection, acceptance are proxies requiring substitution if inconsistent with activity scope.",Four distinct dated stage/acceptance records (provisional schedule-relative proxies),WORKDAY_OR_DELIVERABLE,WEIGHTS_AND_EVENT_DATES_UNSPECIFIED,User-approved synthetic cost ownership; PV rule/date proxies newly proposed Phase 3F,APPROVED_SYNTHETIC_PV_RULE
CL0065,P03,P03-A12,P03-WP041,P03-WP041,SOURCE_WP_SCOPE,1738635,2025-10-16,2026-03-04,MON_FRI_NO_HOLIDAYS,PROCUREMENT_20_30_30_20,20|30|30|20,2025-11-12|2025-12-24|2026-02-04|2026-03-04,"Synthetic 20/30/30/20 stage weights at 20%, 50%, 80%, 100% of inclusive scheduled workdays; stage labels approval, fabrication, inspection, acceptance are proxies requiring substitution if inconsistent with activity scope.",Four distinct dated stage/acceptance records (provisional schedule-relative proxies),WEIGHTED_DELIVERABLE,WEIGHTS_AND_EVENT_DATES_UNSPECIFIED,User-approved synthetic cost ownership; PV rule/date proxies newly proposed Phase 3F,APPROVED_SYNTHETIC_PV_RULE
CL0066,P03,P03-A13,P03-WP041,P03-WP041,SOURCE_WP_SCOPE,434659,2026-03-05,2026-03-25,MON_FRI_NO_HOLIDAYS,PROCUREMENT_20_30_30_20,20|30|30|20,2026-03-09|2026-03-16|2026-03-20|2026-03-25,"Synthetic 20/30/30/20 stage weights at 20%, 50%, 80%, 100% of inclusive scheduled workdays; stage labels approval, fabrication, inspection, acceptance are proxies requiring substitution if inconsistent with activity scope.",Four distinct dated stage/acceptance records (provisional schedule-relative proxies),WORKDAY_OR_DELIVERABLE,WEIGHTS_AND_EVENT_DATES_UNSPECIFIED,User-approved synthetic cost ownership; PV rule/date proxies newly proposed Phase 3F,APPROVED_SYNTHETIC_PV_RULE
CL0067,P03,P03-A14,P03-WP041,P03-WP041,SOURCE_WP_SCOPE,1738635,2026-03-26,2026-04-08,MON_FRI_NO_HOLIDAYS,PROCUREMENT_20_30_30_20,20|30|30|20,2026-03-27|2026-04-01|2026-04-06|2026-04-08,"Synthetic 20/30/30/20 stage weights at 20%, 50%, 80%, 100% of inclusive scheduled workdays; stage labels approval, fabrication, inspection, acceptance are proxies requiring substitution if inconsistent with activity scope.",Four distinct dated stage/acceptance records (provisional schedule-relative proxies),WEIGHTED_DELIVERABLE,WEIGHTS_AND_EVENT_DATES_UNSPECIFIED,User-approved synthetic cost ownership; PV rule/date proxies newly proposed Phase 3F,APPROVED_SYNTHETIC_PV_RULE
CL0068,P03,P03-A15,P03-WP041,P03-WP041,SOURCE_WP_SCOPE,2173294,2026-04-09,2026-07-01,MON_FRI_NO_HOLIDAYS,WORKDAY_FALLBACK,PER_WORKDAY,ALL_BUSINESS_DAYS,Even workday spread pending planned installation quantities; do not describe workday progression as measured physical quantity.,Approved workday fallback or quantity schedule,QUANTITY_DRIVEN_PROVISIONAL,QUANTITY_PROFILE_OR_FALLBACK_UNSPECIFIED,User-approved synthetic cost ownership; PV rule/date proxies newly proposed Phase 3F,APPROVED_SYNTHETIC_PV_RULE
CL0069,P03,P03-A29,P03-WP041,P03-WP041,SOURCE_WP_SCOPE,869318,2026-09-10,2026-09-30,MON_FRI_NO_HOLIDAYS,FINAL_GATE,100,2026-09-30,100% at activity finish as synthetic scheduled acceptance proxy; later EV requires independent deliverable evidence.,Task-specific approved acceptance deliverable,WEIGHTED_DELIVERABLE,ACCEPTANCE_EVIDENCE_UNSPECIFIED,User-approved synthetic cost ownership; PV rule/date proxies newly proposed Phase 3F,APPROVED_SYNTHETIC_PV_RULE
CL0070,P03,P03-A16,P03-WP042,P03-WP042,SOURCE_WP_SCOPE,355250,2025-09-18,2025-10-15,MON_FRI_NO_HOLIDAYS,PROCUREMENT_20_30_30_20,20|30|30|20,2025-09-23|2025-10-01|2025-10-09|2025-10-15,"Synthetic 20/30/30/20 stage weights at 20%, 50%, 80%, 100% of inclusive scheduled workdays; stage labels approval, fabrication, inspection, acceptance are proxies requiring substitution if inconsistent with activity scope.",Four distinct dated stage/acceptance records (provisional schedule-relative proxies),WORKDAY_OR_DELIVERABLE,WEIGHTS_AND_EVENT_DATES_UNSPECIFIED,User-approved synthetic cost ownership; PV rule/date proxies newly proposed Phase 3F,APPROVED_SYNTHETIC_PV_RULE
CL0071,P03,P03-A17,P03-WP042,P03-WP042,SOURCE_WP_SCOPE,1421000,2025-10-16,2026-02-04,MON_FRI_NO_HOLIDAYS,PROCUREMENT_20_30_30_20,20|30|30|20,2025-11-06|2025-12-10|2026-01-13|2026-02-04,"Synthetic 20/30/30/20 stage weights at 20%, 50%, 80%, 100% of inclusive scheduled workdays; stage labels approval, fabrication, inspection, acceptance are proxies requiring substitution if inconsistent with activity scope.",Four distinct dated stage/acceptance records (provisional schedule-relative proxies),WEIGHTED_DELIVERABLE,WEIGHTS_AND_EVENT_DATES_UNSPECIFIED,User-approved synthetic cost ownership; PV rule/date proxies newly proposed Phase 3F,APPROVED_SYNTHETIC_PV_RULE
CL0072,P03,P03-A18,P03-WP042,P03-WP042,SOURCE_WP_SCOPE,355250,2026-02-05,2026-02-18,MON_FRI_NO_HOLIDAYS,WORKDAY_SPREAD,PER_WORKDAY,ALL_BUSINESS_DAYS,"Evenly across inclusive scheduled Monday-Friday workdays, no holidays; final cent residual on last day.",Approve this LOE/planned-work proxy and physical progress EV rule separately,WORKDAY_OR_DELIVERABLE,DEFAULT_RULE_REQUIRES_APPROVAL,User-approved synthetic cost ownership; PV rule/date proxies newly proposed Phase 3F,APPROVED_SYNTHETIC_PV_RULE
CL0073,P03,P03-A19,P03-WP042,P03-WP042,SOURCE_WP_SCOPE,1421000,2026-02-19,2026-03-02,MON_FRI_NO_HOLIDAYS,PROCUREMENT_20_30_30_20,20|30|30|20,2026-02-20|2026-02-24|2026-02-27|2026-03-02,"Synthetic 20/30/30/20 stage weights at 20%, 50%, 80%, 100% of inclusive scheduled workdays; stage labels approval, fabrication, inspection, acceptance are proxies requiring substitution if inconsistent with activity scope.",Four distinct dated stage/acceptance records (provisional schedule-relative proxies),WEIGHTED_DELIVERABLE,WEIGHTS_AND_EVENT_DATES_UNSPECIFIED,User-approved synthetic cost ownership; PV rule/date proxies newly proposed Phase 3F,APPROVED_SYNTHETIC_PV_RULE
CL0074,P03,P03-A20,P03-WP042,P03-WP042,SOURCE_WP_SCOPE,1065750,2026-05-07,2026-07-08,MON_FRI_NO_HOLIDAYS,WORKDAY_FALLBACK,PER_WORKDAY,ALL_BUSINESS_DAYS,Even workday spread pending planned installation quantities; do not describe workday progression as measured physical quantity.,Approved workday fallback or quantity schedule,QUANTITY_OR_WEIGHTED,QUANTITY_PROFILE_OR_FALLBACK_UNSPECIFIED,User-approved synthetic cost ownership; PV rule/date proxies newly proposed Phase 3F,APPROVED_SYNTHETIC_PV_RULE
CL0075,P03,P03-A25,P03-WP042,P03-WP042,SOURCE_WP_SCOPE,355250,2026-07-09,2026-08-05,MON_FRI_NO_HOLIDAYS,WORKDAY_SPREAD,PER_WORKDAY,ALL_BUSINESS_DAYS,"Evenly across inclusive scheduled Monday-Friday workdays, no holidays; final cent residual on last day.",Approve this LOE/planned-work proxy and physical progress EV rule separately,WORKDAY_OR_DELIVERABLE,DEFAULT_RULE_REQUIRES_APPROVAL,User-approved synthetic cost ownership; PV rule/date proxies newly proposed Phase 3F,APPROVED_SYNTHETIC_PV_RULE
CL0076,P03,P03-A21,P03-WP043,P03-WP043,SOURCE_WP_SCOPE,153942,2025-09-18,2025-10-08,MON_FRI_NO_HOLIDAYS,PROCUREMENT_20_30_30_20,20|30|30|20,2025-09-22|2025-09-29|2025-10-03|2025-10-08,"Synthetic 20/30/30/20 stage weights at 20%, 50%, 80%, 100% of inclusive scheduled workdays; stage labels approval, fabrication, inspection, acceptance are proxies requiring substitution if inconsistent with activity scope.",Four distinct dated stage/acceptance records (provisional schedule-relative proxies),WORKDAY_OR_DELIVERABLE,WEIGHTS_AND_EVENT_DATES_UNSPECIFIED,User-approved synthetic cost ownership; PV rule/date proxies newly proposed Phase 3F,APPROVED_SYNTHETIC_PV_RULE
CL0077,P03,P03-A22,P03-WP043,P03-WP043,SOURCE_WP_SCOPE,615767,2025-10-09,2025-12-17,MON_FRI_NO_HOLIDAYS,PROCUREMENT_20_30_30_20,20|30|30|20,2025-10-22|2025-11-12|2025-12-03|2025-12-17,"Synthetic 20/30/30/20 stage weights at 20%, 50%, 80%, 100% of inclusive scheduled workdays; stage labels approval, fabrication, inspection, acceptance are proxies requiring substitution if inconsistent with activity scope.",Four distinct dated stage/acceptance records (provisional schedule-relative proxies),WEIGHTED_DELIVERABLE,WEIGHTS_AND_EVENT_DATES_UNSPECIFIED,User-approved synthetic cost ownership; PV rule/date proxies newly proposed Phase 3F,APPROVED_SYNTHETIC_PV_RULE
CL0078,P03,P03-A23,P03-WP043,P03-WP043,SOURCE_WP_SCOPE,615766,2025-12-18,2025-12-29,MON_FRI_NO_HOLIDAYS,PROCUREMENT_20_30_30_20,20|30|30|20,2025-12-19|2025-12-23|2025-12-26|2025-12-29,"Synthetic 20/30/30/20 stage weights at 20%, 50%, 80%, 100% of inclusive scheduled workdays; stage labels approval, fabrication, inspection, acceptance are proxies requiring substitution if inconsistent with activity scope.",Four distinct dated stage/acceptance records (provisional schedule-relative proxies),WEIGHTED_DELIVERABLE,WEIGHTS_AND_EVENT_DATES_UNSPECIFIED,User-approved synthetic cost ownership; PV rule/date proxies newly proposed Phase 3F,APPROVED_SYNTHETIC_PV_RULE
CL0079,P03,P03-A24,P03-WP043,P03-WP043,SOURCE_WP_SCOPE,461825,2026-05-21,2026-06-24,MON_FRI_NO_HOLIDAYS,WORKDAY_FALLBACK,PER_WORKDAY,ALL_BUSINESS_DAYS,Even workday spread pending planned installation quantities; do not describe workday progression as measured physical quantity.,Approved workday fallback or quantity schedule,QUANTITY_OR_WEIGHTED,QUANTITY_PROFILE_OR_FALLBACK_UNSPECIFIED,User-approved synthetic cost ownership; PV rule/date proxies newly proposed Phase 3F,APPROVED_SYNTHETIC_PV_RULE
CL0080,P03,P03-A26,P03-WP051,P03-WP051,SOURCE_WP_SCOPE,446601,2026-08-06,2026-08-26,MON_FRI_NO_HOLIDAYS,FINAL_GATE,100,2026-08-26,100% at activity finish as synthetic scheduled acceptance proxy; later EV requires independent deliverable evidence.,Task-specific approved acceptance deliverable,WEIGHTED_DELIVERABLE,ACCEPTANCE_EVIDENCE_UNSPECIFIED,User-approved synthetic cost ownership; PV rule/date proxies newly proposed Phase 3F,APPROVED_SYNTHETIC_PV_RULE
CL0081,P03,P03-A27,P03-WP051,P03-WP051,SOURCE_WP_SCOPE,446599,2026-08-27,2026-10-07,MON_FRI_NO_HOLIDAYS,FINAL_GATE,100,2026-10-07,100% at activity finish as synthetic scheduled acceptance proxy; later EV requires independent deliverable evidence.,Task-specific approved acceptance deliverable,WEIGHTED_DELIVERABLE,ACCEPTANCE_EVIDENCE_UNSPECIFIED,User-approved synthetic cost ownership; PV rule/date proxies newly proposed Phase 3F,APPROVED_SYNTHETIC_PV_RULE
CL0082,P03,P03-A31,P03-WP061,P03-WP061,SOURCE_WP_SCOPE,284200,2026-12-03,2026-12-23,MON_FRI_NO_HOLIDAYS,FINAL_GATE,100,2026-12-23,100% at activity finish as synthetic scheduled acceptance proxy; later EV requires independent deliverable evidence.,Task-specific approved acceptance deliverable,WEIGHTED_DELIVERABLE,ACCEPTANCE_EVIDENCE_UNSPECIFIED,User-approved synthetic cost ownership; PV rule/date proxies newly proposed Phase 3F,APPROVED_SYNTHETIC_PV_RULE
CL0083,P03,P03-A32,P03-WP061,P03-WP061,SOURCE_WP_SCOPE,142100,2026-12-03,2026-12-30,MON_FRI_NO_HOLIDAYS,FINAL_GATE,100,2026-12-30,100% at activity finish as synthetic scheduled acceptance proxy; later EV requires independent deliverable evidence.,Task-specific approved acceptance deliverable,WORKDAY_OR_DELIVERABLE,ACCEPTANCE_EVIDENCE_UNSPECIFIED,User-approved synthetic cost ownership; PV rule/date proxies newly proposed Phase 3F,APPROVED_SYNTHETIC_PV_RULE
CL0084,P03,P03-A33,P03-WP062,P03-WP062,SOURCE_WP_SCOPE,182700,2026-12-31,2027-01-27,MON_FRI_NO_HOLIDAYS,FINAL_GATE,100,2027-01-27,100% at activity finish as synthetic scheduled acceptance proxy; later EV requires independent deliverable evidence.,Task-specific approved acceptance deliverable,WORKDAY_OR_DELIVERABLE,ACCEPTANCE_EVIDENCE_UNSPECIFIED,User-approved synthetic cost ownership; PV rule/date proxies newly proposed Phase 3F,APPROVED_SYNTHETIC_PV_RULE
CL0085,P04,P04-A1,P04-WP011,P04-WP011,SOURCE_WP_SCOPE,82500,2025-06-02,2025-06-13,MON_FRI_NO_HOLIDAYS,WORKDAY_SPREAD,PER_WORKDAY,ALL_BUSINESS_DAYS,"Evenly across inclusive scheduled Monday-Friday workdays, no holidays; final cent residual on last day.",Approve this LOE/planned-work proxy and physical progress EV rule separately,WORKDAY_OR_DELIVERABLE,DEFAULT_RULE_REQUIRES_APPROVAL,User-approved synthetic cost ownership; PV rule/date proxies newly proposed Phase 3F,APPROVED_SYNTHETIC_PV_RULE
CL0086,P04,P04-A2,P04-WP012,P04-WP012,SOURCE_WP_SCOPE,82500,2025-06-16,2025-06-20,MON_FRI_NO_HOLIDAYS,WORKDAY_SPREAD,PER_WORKDAY,ALL_BUSINESS_DAYS,"Evenly across inclusive scheduled Monday-Friday workdays, no holidays; final cent residual on last day.",Approve this LOE/planned-work proxy and physical progress EV rule separately,WORKDAY_OR_DELIVERABLE,DEFAULT_RULE_REQUIRES_APPROVAL,User-approved synthetic cost ownership; PV rule/date proxies newly proposed Phase 3F,APPROVED_SYNTHETIC_PV_RULE
CL0087,P04,P04-A3,P04-WP021,P04-WP021,SOURCE_WP_SCOPE,134750,2025-06-23,2025-07-18,MON_FRI_NO_HOLIDAYS,WORKDAY_SPREAD,PER_WORKDAY,ALL_BUSINESS_DAYS,"Evenly across inclusive scheduled Monday-Friday workdays, no holidays; final cent residual on last day.",Approve this LOE/planned-work proxy and physical progress EV rule separately,WORKDAY_OR_DELIVERABLE,DEFAULT_RULE_REQUIRES_APPROVAL,User-approved synthetic cost ownership; PV rule/date proxies newly proposed Phase 3F,APPROVED_SYNTHETIC_PV_RULE
CL0088,P04,P04-A4,P04-WP022,P04-WP022,SOURCE_WP_SCOPE,62563,2025-08-04,2025-09-05,MON_FRI_NO_HOLIDAYS,WORKDAY_SPREAD,PER_WORKDAY,ALL_BUSINESS_DAYS,"Evenly across inclusive scheduled Monday-Friday workdays, no holidays; final cent residual on last day.",Approve this LOE/planned-work proxy and physical progress EV rule separately,WORKDAY_OR_DELIVERABLE,DEFAULT_RULE_REQUIRES_APPROVAL,User-approved synthetic cost ownership; PV rule/date proxies newly proposed Phase 3F,APPROVED_SYNTHETIC_PV_RULE
CL0089,P04,P04-A4b,P04-WP022,P04-WP022,SOURCE_WP_SCOPE,62562,2025-09-08,2025-09-26,MON_FRI_NO_HOLIDAYS,WORKDAY_SPREAD,PER_WORKDAY,ALL_BUSINESS_DAYS,"Evenly across inclusive scheduled Monday-Friday workdays, no holidays; final cent residual on last day.",Approve this LOE/planned-work proxy and physical progress EV rule separately,WORKDAY_OR_DELIVERABLE,DEFAULT_RULE_REQUIRES_APPROVAL,User-approved synthetic cost ownership; PV rule/date proxies newly proposed Phase 3F,APPROVED_SYNTHETIC_PV_RULE
CL0090,P04,P04-A15,P04-WP022,P04-WP022,SOURCE_WP_SCOPE,125125,2026-03-09,2026-03-13,MON_FRI_NO_HOLIDAYS,FINAL_GATE,100,2026-03-13,100% at activity finish as synthetic scheduled acceptance proxy; later EV requires independent deliverable evidence.,Task-specific approved acceptance deliverable,WEIGHTED_DELIVERABLE,ACCEPTANCE_EVIDENCE_UNSPECIFIED,User-approved synthetic cost ownership; PV rule/date proxies newly proposed Phase 3F,APPROVED_SYNTHETIC_PV_RULE
CL0091,P04,P04-A5,P04-WP031,P04-WP031,SOURCE_WP_SCOPE,67375,2025-08-18,2025-09-05,MON_FRI_NO_HOLIDAYS,WORKDAY_SPREAD,PER_WORKDAY,ALL_BUSINESS_DAYS,"Evenly across inclusive scheduled Monday-Friday workdays, no holidays; final cent residual on last day.",Approve this LOE/planned-work proxy and physical progress EV rule separately,WORKDAY_OR_DELIVERABLE,DEFAULT_RULE_REQUIRES_APPROVAL,User-approved synthetic cost ownership; PV rule/date proxies newly proposed Phase 3F,APPROVED_SYNTHETIC_PV_RULE
CL0092,P04,P04-A5b,P04-WP031,P04-WP031,SOURCE_WP_SCOPE,67375,2025-09-08,2025-09-19,MON_FRI_NO_HOLIDAYS,WORKDAY_SPREAD,PER_WORKDAY,ALL_BUSINESS_DAYS,"Evenly across inclusive scheduled Monday-Friday workdays, no holidays; final cent residual on last day.",Approve this LOE/planned-work proxy and physical progress EV rule separately,WORKDAY_OR_DELIVERABLE,DEFAULT_RULE_REQUIRES_APPROVAL,User-approved synthetic cost ownership; PV rule/date proxies newly proposed Phase 3F,APPROVED_SYNTHETIC_PV_RULE
CL0093,P04,P04-A5c,P04-WP032,P04-WP032,SOURCE_WP_SCOPE,125125,2025-09-22,2025-10-03,MON_FRI_NO_HOLIDAYS,WORKDAY_SPREAD,PER_WORKDAY,ALL_BUSINESS_DAYS,"Evenly across inclusive scheduled Monday-Friday workdays, no holidays; final cent residual on last day.",Approve this LOE/planned-work proxy and physical progress EV rule separately,WORKDAY_OR_DELIVERABLE,DEFAULT_RULE_REQUIRES_APPROVAL,User-approved synthetic cost ownership; PV rule/date proxies newly proposed Phase 3F,APPROVED_SYNTHETIC_PV_RULE
CL0094,P04,P04-A6,P04-WP032,P04-WP032,SOURCE_WP_SCOPE,125125,2025-10-27,2025-11-07,MON_FRI_NO_HOLIDAYS,WORKDAY_SPREAD,PER_WORKDAY,ALL_BUSINESS_DAYS,"Evenly across inclusive scheduled Monday-Friday workdays, no holidays; final cent residual on last day.",Approve this LOE/planned-work proxy and physical progress EV rule separately,WORKDAY_OR_DELIVERABLE,DEFAULT_RULE_REQUIRES_APPROVAL,User-approved synthetic cost ownership; PV rule/date proxies newly proposed Phase 3F,APPROVED_SYNTHETIC_PV_RULE
CL0095,P04,P04-A7,P04-WP041,P04-WP041,SOURCE_WP_SCOPE,247592,2025-10-27,2025-11-14,MON_FRI_NO_HOLIDAYS,WORKDAY_SPREAD,PER_WORKDAY,ALL_BUSINESS_DAYS,"Evenly across inclusive scheduled Monday-Friday workdays, no holidays; final cent residual on last day.",Approve this LOE/planned-work proxy and physical progress EV rule separately,WORKDAY_OR_DELIVERABLE,DEFAULT_RULE_REQUIRES_APPROVAL,User-approved synthetic cost ownership; PV rule/date proxies newly proposed Phase 3F,APPROVED_SYNTHETIC_PV_RULE
CL0096,P04,P04-A8,P04-WP041,P04-WP041,SOURCE_WP_SCOPE,247592,2025-11-17,2025-11-21,MON_FRI_NO_HOLIDAYS,WORKDAY_SPREAD,PER_WORKDAY,ALL_BUSINESS_DAYS,"Evenly across inclusive scheduled Monday-Friday workdays, no holidays; final cent residual on last day.",Approve this LOE/planned-work proxy and physical progress EV rule separately,WORKDAY_OR_DELIVERABLE,DEFAULT_RULE_REQUIRES_APPROVAL,User-approved synthetic cost ownership; PV rule/date proxies newly proposed Phase 3F,APPROVED_SYNTHETIC_PV_RULE
CL0097,P04,P04-A9,P04-WP041,P04-WP041,SOURCE_WP_SCOPE,247592,2025-11-24,2025-12-12,MON_FRI_NO_HOLIDAYS,WORKDAY_SPREAD,PER_WORKDAY,ALL_BUSINESS_DAYS,"Evenly across inclusive scheduled Monday-Friday workdays, no holidays; final cent residual on last day.",Approve this LOE/planned-work proxy and physical progress EV rule separately,WORKDAY_OR_DELIVERABLE,DEFAULT_RULE_REQUIRES_APPROVAL,User-approved synthetic cost ownership; PV rule/date proxies newly proposed Phase 3F,APPROVED_SYNTHETIC_PV_RULE
CL0098,P04,P04-A12,P04-WP041,P04-WP041,SOURCE_WP_SCOPE,1237958,2026-01-19,2026-02-13,MON_FRI_NO_HOLIDAYS,WORKDAY_FALLBACK,PER_WORKDAY,ALL_BUSINESS_DAYS,Even workday spread pending planned installation quantities; do not describe workday progression as measured physical quantity.,Approved workday fallback or quantity schedule,QUANTITY_DRIVEN_PROVISIONAL,QUANTITY_PROFILE_OR_FALLBACK_UNSPECIFIED,User-approved synthetic cost ownership; PV rule/date proxies newly proposed Phase 3F,APPROVED_SYNTHETIC_PV_RULE
CL0099,P04,P04-A13,P04-WP041,P04-WP041,SOURCE_WP_SCOPE,247592,2026-02-16,2026-02-27,MON_FRI_NO_HOLIDAYS,WORKDAY_FALLBACK,PER_WORKDAY,ALL_BUSINESS_DAYS,Even workday spread pending planned installation quantities; do not describe workday progression as measured physical quantity.,Approved workday fallback or quantity schedule,WORKDAY_OR_DELIVERABLE,QUANTITY_PROFILE_OR_FALLBACK_UNSPECIFIED,User-approved synthetic cost ownership; PV rule/date proxies newly proposed Phase 3F,APPROVED_SYNTHETIC_PV_RULE
CL0100,P04,P04-A14,P04-WP041,P04-WP041,SOURCE_WP_SCOPE,247591,2026-03-02,2026-03-06,MON_FRI_NO_HOLIDAYS,WORKDAY_SPREAD,PER_WORKDAY,ALL_BUSINESS_DAYS,"Evenly across inclusive scheduled Monday-Friday workdays, no holidays; final cent residual on last day.",Approve this LOE/planned-work proxy and physical progress EV rule separately,WORKDAY_OR_DELIVERABLE,DEFAULT_RULE_REQUIRES_APPROVAL,User-approved synthetic cost ownership; PV rule/date proxies newly proposed Phase 3F,APPROVED_SYNTHETIC_PV_RULE
CL0101,P04,P04-A16,P04-WP041,P04-WP041,SOURCE_WP_SCOPE,495183,2026-03-16,2026-03-27,MON_FRI_NO_HOLIDAYS,FINAL_GATE,100,2026-03-27,100% at activity finish as synthetic scheduled acceptance proxy; later EV requires independent deliverable evidence.,Task-specific approved acceptance deliverable,WEIGHTED_DELIVERABLE,ACCEPTANCE_EVIDENCE_UNSPECIFIED,User-approved synthetic cost ownership; PV rule/date proxies newly proposed Phase 3F,APPROVED_SYNTHETIC_PV_RULE
CL0102,P04,P04-A10,P04-WP042,P04-WP042,SOURCE_WP_SCOPE,814000,2025-12-15,2025-12-26,MON_FRI_NO_HOLIDAYS,WORKDAY_FALLBACK,PER_WORKDAY,ALL_BUSINESS_DAYS,Even workday spread pending planned installation quantities; do not describe workday progression as measured physical quantity.,Approved workday fallback or quantity schedule,QUANTITY_OR_WEIGHTED,DEFAULT_RULE_REQUIRES_APPROVAL,User-approved synthetic cost ownership; PV rule/date proxies newly proposed Phase 3F,APPROVED_SYNTHETIC_PV_RULE
CL0103,P04,P04-A11,P04-WP043,P04-WP043,SOURCE_WP_SCOPE,284900,2025-12-29,2026-01-16,MON_FRI_NO_HOLIDAYS,WORKDAY_FALLBACK,PER_WORKDAY,ALL_BUSINESS_DAYS,Even workday spread pending planned installation quantities; do not describe workday progression as measured physical quantity.,Approved workday fallback or quantity schedule,QUANTITY_OR_WEIGHTED,QUANTITY_PROFILE_OR_FALLBACK_UNSPECIFIED,User-approved synthetic cost ownership; PV rule/date proxies newly proposed Phase 3F,APPROVED_SYNTHETIC_PV_RULE
CL0104,P04,P04-A17,P04-WP061,P04-WP061,SOURCE_WP_SCOPE,107250,2026-03-30,2026-04-10,MON_FRI_NO_HOLIDAYS,FINAL_GATE,100,2026-04-10,100% at activity finish as synthetic scheduled acceptance proxy; later EV requires independent deliverable evidence.,Task-specific approved acceptance deliverable,WORKDAY_OR_DELIVERABLE,ACCEPTANCE_EVIDENCE_UNSPECIFIED,User-approved synthetic cost ownership; PV rule/date proxies newly proposed Phase 3F,APPROVED_SYNTHETIC_PV_RULE
CL0105,P04,P04-A18,P04-WP062,P04-WP062,SOURCE_WP_SCOPE,57750,2026-04-06,2026-04-24,MON_FRI_NO_HOLIDAYS,FINAL_GATE,100,2026-04-24,100% at activity finish as synthetic scheduled acceptance proxy; later EV requires independent deliverable evidence.,Task-specific approved acceptance deliverable,WORKDAY_OR_DELIVERABLE,ACCEPTANCE_EVIDENCE_UNSPECIFIED,User-approved synthetic cost ownership; PV rule/date proxies newly proposed Phase 3F,APPROVED_SYNTHETIC_PV_RULE
CL0106,P05,P05-A1,P05-WP011,P05-WP011,SOURCE_WP_SCOPE,96200,2025-03-03,2025-03-21,MON_FRI_NO_HOLIDAYS,WORKDAY_SPREAD,PER_WORKDAY,ALL_BUSINESS_DAYS,"Evenly across inclusive scheduled Monday-Friday workdays, no holidays; final cent residual on last day.",Approve this LOE/planned-work proxy and physical progress EV rule separately,WORKDAY_OR_DELIVERABLE,DEFAULT_RULE_REQUIRES_APPROVAL,User-approved synthetic cost ownership; PV rule/date proxies newly proposed Phase 3F,APPROVED_SYNTHETIC_PV_RULE
CL0107,P05,P05-A8,P05-WP011,P05-WP011,SOURCE_WP_SCOPE,192400,2025-08-04,2025-09-12,MON_FRI_NO_HOLIDAYS,FINAL_GATE,100,2025-09-12,100% at activity finish as synthetic scheduled acceptance proxy; later EV requires independent deliverable evidence.,Task-specific approved acceptance deliverable,WEIGHTED_DELIVERABLE,DEFAULT_RULE_REQUIRES_APPROVAL,User-approved synthetic cost ownership; PV rule/date proxies newly proposed Phase 3F,APPROVED_SYNTHETIC_PV_RULE
CL0108,P05,P05-A2,P05-WP012,P05-WP012,SOURCE_WP_SCOPE,155400,2025-03-24,2025-04-04,MON_FRI_NO_HOLIDAYS,WORKDAY_FALLBACK,PER_WORKDAY,ALL_BUSINESS_DAYS,Even workday spread pending planned installation quantities; do not describe workday progression as measured physical quantity.,Approved workday fallback or quantity schedule,QUANTITY_OR_WEIGHTED,DEFAULT_RULE_REQUIRES_APPROVAL,User-approved synthetic cost ownership; PV rule/date proxies newly proposed Phase 3F,APPROVED_SYNTHETIC_PV_RULE
CL0109,P05,P05-A3,P05-WP021,P05-WP021,SOURCE_WP_SCOPE,199800,2025-04-07,2025-04-25,MON_FRI_NO_HOLIDAYS,WORKDAY_FALLBACK,PER_WORKDAY,ALL_BUSINESS_DAYS,Even workday spread pending planned installation quantities; do not describe workday progression as measured physical quantity.,Approved workday fallback or quantity schedule,QUANTITY_OR_WEIGHTED,QUANTITY_PROFILE_OR_FALLBACK_UNSPECIFIED,User-approved synthetic cost ownership; PV rule/date proxies newly proposed Phase 3F,APPROVED_SYNTHETIC_PV_RULE
CL0110,P05,P05-A4,P05-WP022,P05-WP022,SOURCE_WP_SCOPE,155400,2025-05-05,2025-05-23,MON_FRI_NO_HOLIDAYS,WORKDAY_SPREAD,PER_WORKDAY,ALL_BUSINESS_DAYS,"Evenly across inclusive scheduled Monday-Friday workdays, no holidays; final cent residual on last day.",Approve this LOE/planned-work proxy and physical progress EV rule separately,WORKDAY_OR_DELIVERABLE,DEFAULT_RULE_REQUIRES_APPROVAL,User-approved synthetic cost ownership; PV rule/date proxies newly proposed Phase 3F,APPROVED_SYNTHETIC_PV_RULE
CL0111,P05,P05-A4b,P05-WP022,P05-WP022,SOURCE_WP_SCOPE,155400,2025-05-26,2025-06-13,MON_FRI_NO_HOLIDAYS,WORKDAY_SPREAD,PER_WORKDAY,ALL_BUSINESS_DAYS,"Evenly across inclusive scheduled Monday-Friday workdays, no holidays; final cent residual on last day.",Approve this LOE/planned-work proxy and physical progress EV rule separately,WORKDAY_OR_DELIVERABLE,DEFAULT_RULE_REQUIRES_APPROVAL,User-approved synthetic cost ownership; PV rule/date proxies newly proposed Phase 3F,APPROVED_SYNTHETIC_PV_RULE
CL0112,P05,P05-A10,P05-WP022,P05-WP022,SOURCE_WP_SCOPE,155400,2025-07-14,2025-08-01,MON_FRI_NO_HOLIDAYS,WORKDAY_SPREAD,PER_WORKDAY,ALL_BUSINESS_DAYS,"Evenly across inclusive scheduled Monday-Friday workdays, no holidays; final cent residual on last day.",Approve this LOE/planned-work proxy and physical progress EV rule separately,WORKDAY_OR_DELIVERABLE,DEFAULT_RULE_REQUIRES_APPROVAL,User-approved synthetic cost ownership; PV rule/date proxies newly proposed Phase 3F,APPROVED_SYNTHETIC_PV_RULE
CL0113,P05,P05-A5,P05-WP031,P05-WP031,SOURCE_WP_SCOPE,116550,2025-05-19,2025-06-06,MON_FRI_NO_HOLIDAYS,WORKDAY_SPREAD,PER_WORKDAY,ALL_BUSINESS_DAYS,"Evenly across inclusive scheduled Monday-Friday workdays, no holidays; final cent residual on last day.",Approve this LOE/planned-work proxy and physical progress EV rule separately,WORKDAY_OR_DELIVERABLE,DEFAULT_RULE_REQUIRES_APPROVAL,User-approved synthetic cost ownership; PV rule/date proxies newly proposed Phase 3F,APPROVED_SYNTHETIC_PV_RULE
CL0114,P05,P05-A5b,P05-WP031,P05-WP031,SOURCE_WP_SCOPE,116550,2025-06-09,2025-06-20,MON_FRI_NO_HOLIDAYS,WORKDAY_SPREAD,PER_WORKDAY,ALL_BUSINESS_DAYS,"Evenly across inclusive scheduled Monday-Friday workdays, no holidays; final cent residual on last day.",Approve this LOE/planned-work proxy and physical progress EV rule separately,WORKDAY_OR_DELIVERABLE,DEFAULT_RULE_REQUIRES_APPROVAL,User-approved synthetic cost ownership; PV rule/date proxies newly proposed Phase 3F,APPROVED_SYNTHETIC_PV_RULE
CL0115,P05,P05-A5c,P05-WP032,P05-WP032,SOURCE_WP_SCOPE,72150,2025-06-23,2025-07-04,MON_FRI_NO_HOLIDAYS,WORKDAY_SPREAD,PER_WORKDAY,ALL_BUSINESS_DAYS,"Evenly across inclusive scheduled Monday-Friday workdays, no holidays; final cent residual on last day.",Approve this LOE/planned-work proxy and physical progress EV rule separately,WORKDAY_OR_DELIVERABLE,DEFAULT_RULE_REQUIRES_APPROVAL,User-approved synthetic cost ownership; PV rule/date proxies newly proposed Phase 3F,APPROVED_SYNTHETIC_PV_RULE
CL0116,P05,P05-A11,P05-WP032,P05-WP032,SOURCE_WP_SCOPE,288600,2025-07-14,2025-08-22,MON_FRI_NO_HOLIDAYS,PROCUREMENT_20_30_30_20,20|30|30|20,2025-07-21|2025-08-01|2025-08-14|2025-08-22,"Synthetic 20/30/30/20 stage weights at 20%, 50%, 80%, 100% of inclusive scheduled workdays; stage labels approval, fabrication, inspection, acceptance are proxies requiring substitution if inconsistent with activity scope.",Four distinct dated stage/acceptance records (provisional schedule-relative proxies),WEIGHTED_DELIVERABLE,WEIGHTS_AND_EVENT_DATES_UNSPECIFIED,User-approved synthetic cost ownership; PV rule/date proxies newly proposed Phase 3F,APPROVED_SYNTHETIC_PV_RULE
CL0117,P05,P05-A6,P05-WP032,P05-WP032,SOURCE_WP_SCOPE,72150,2025-07-14,2025-08-01,MON_FRI_NO_HOLIDAYS,WORKDAY_SPREAD,PER_WORKDAY,ALL_BUSINESS_DAYS,"Evenly across inclusive scheduled Monday-Friday workdays, no holidays; final cent residual on last day.",Approve this LOE/planned-work proxy and physical progress EV rule separately,WORKDAY_OR_DELIVERABLE,DEFAULT_RULE_REQUIRES_APPROVAL,User-approved synthetic cost ownership; PV rule/date proxies newly proposed Phase 3F,APPROVED_SYNTHETIC_PV_RULE
CL0118,P05,P05-A7,P05-WP041,P05-WP041,SOURCE_WP_SCOPE,240582,2025-07-14,2025-09-05,MON_FRI_NO_HOLIDAYS,WORKDAY_SPREAD,PER_WORKDAY,ALL_BUSINESS_DAYS,"Evenly across inclusive scheduled Monday-Friday workdays, no holidays; final cent residual on last day.",Approve this LOE/planned-work proxy and physical progress EV rule separately,WORKDAY_OR_DELIVERABLE,DEFAULT_RULE_REQUIRES_APPROVAL,User-approved synthetic cost ownership; PV rule/date proxies newly proposed Phase 3F,APPROVED_SYNTHETIC_PV_RULE
CL0119,P05,P05-A9,P05-WP041,P05-WP041,SOURCE_WP_SCOPE,240582,2025-07-28,2025-08-22,MON_FRI_NO_HOLIDAYS,WORKDAY_SPREAD,PER_WORKDAY,ALL_BUSINESS_DAYS,"Evenly across inclusive scheduled Monday-Friday workdays, no holidays; final cent residual on last day.",Approve this LOE/planned-work proxy and physical progress EV rule separately,WORKDAY_OR_DELIVERABLE,DEFAULT_RULE_REQUIRES_APPROVAL,User-approved synthetic cost ownership; PV rule/date proxies newly proposed Phase 3F,APPROVED_SYNTHETIC_PV_RULE
CL0120,P05,P05-A12a,P05-WP041,P05-WP041,SOURCE_WP_SCOPE,1202911,2025-08-25,2025-11-07,MON_FRI_NO_HOLIDAYS,WORKDAY_FALLBACK,PER_WORKDAY,ALL_BUSINESS_DAYS,Even workday spread pending planned installation quantities; do not describe workday progression as measured physical quantity.,Approved workday fallback or quantity schedule,QUANTITY_DRIVEN_PROVISIONAL,QUANTITY_PROFILE_OR_FALLBACK_UNSPECIFIED,User-approved synthetic cost ownership; PV rule/date proxies newly proposed Phase 3F,APPROVED_SYNTHETIC_PV_RULE
CL0121,P05,P05-AFIRST,P05-WP041,P05-WP041,SOURCE_WP_SCOPE,721747,2025-08-25,2025-08-26,MON_FRI_NO_HOLIDAYS,WORKDAY_FALLBACK,PER_WORKDAY,ALL_BUSINESS_DAYS,Even workday spread pending planned installation quantities; do not describe workday progression as measured physical quantity.,Approved workday fallback or quantity schedule,QUANTITY_OR_WEIGHTED,QUANTITY_PROFILE_OR_FALLBACK_UNSPECIFIED,User-approved synthetic cost ownership; PV rule/date proxies newly proposed Phase 3F,APPROVED_SYNTHETIC_PV_RULE
CL0122,P05,P05-A13a,P05-WP041,P05-WP041,SOURCE_WP_SCOPE,1202911,2025-09-22,2025-12-05,MON_FRI_NO_HOLIDAYS,WORKDAY_FALLBACK,PER_WORKDAY,ALL_BUSINESS_DAYS,Even workday spread pending planned installation quantities; do not describe workday progression as measured physical quantity.,Approved workday fallback or quantity schedule,QUANTITY_DRIVEN_PROVISIONAL,QUANTITY_PROFILE_OR_FALLBACK_UNSPECIFIED,User-approved synthetic cost ownership; PV rule/date proxies newly proposed Phase 3F,APPROVED_SYNTHETIC_PV_RULE
CL0123,P05,P05-A14a,P05-WP041,P05-WP041,SOURCE_WP_SCOPE,1202911,2025-10-20,2026-01-02,MON_FRI_NO_HOLIDAYS,WORKDAY_FALLBACK,PER_WORKDAY,ALL_BUSINESS_DAYS,Even workday spread pending planned installation quantities; do not describe workday progression as measured physical quantity.,Approved workday fallback or quantity schedule,QUANTITY_DRIVEN_PROVISIONAL,QUANTITY_PROFILE_OR_FALLBACK_UNSPECIFIED,User-approved synthetic cost ownership; PV rule/date proxies newly proposed Phase 3F,APPROVED_SYNTHETIC_PV_RULE
CL0124,P05,P05-A15a,P05-WP041,P05-WP041,SOURCE_WP_SCOPE,1202911,2025-11-17,2026-01-30,MON_FRI_NO_HOLIDAYS,WORKDAY_FALLBACK,PER_WORKDAY,ALL_BUSINESS_DAYS,Even workday spread pending planned installation quantities; do not describe workday progression as measured physical quantity.,Approved workday fallback or quantity schedule,QUANTITY_DRIVEN_PROVISIONAL,QUANTITY_PROFILE_OR_FALLBACK_UNSPECIFIED,User-approved synthetic cost ownership; PV rule/date proxies newly proposed Phase 3F,APPROVED_SYNTHETIC_PV_RULE
CL0125,P05,P05-A16,P05-WP041,P05-WP041,SOURCE_WP_SCOPE,481165,2026-03-16,2026-04-03,MON_FRI_NO_HOLIDAYS,FINAL_GATE,100,2026-04-03,100% at activity finish as synthetic scheduled acceptance proxy; later EV requires independent deliverable evidence.,Task-specific approved acceptance deliverable,WEIGHTED_DELIVERABLE,ACCEPTANCE_EVIDENCE_UNSPECIFIED,User-approved synthetic cost ownership; PV rule/date proxies newly proposed Phase 3F,APPROVED_SYNTHETIC_PV_RULE
CL0126,P05,P05-A12b,P05-WP042,P05-WP042,SOURCE_WP_SCOPE,379620,2025-09-15,2025-11-28,MON_FRI_NO_HOLIDAYS,WORKDAY_FALLBACK,PER_WORKDAY,ALL_BUSINESS_DAYS,Even workday spread pending planned installation quantities; do not describe workday progression as measured physical quantity.,Approved workday fallback or quantity schedule,QUANTITY_OR_WEIGHTED,QUANTITY_PROFILE_OR_FALLBACK_UNSPECIFIED,User-approved synthetic cost ownership; PV rule/date proxies newly proposed Phase 3F,APPROVED_SYNTHETIC_PV_RULE
CL0127,P05,P05-A13b,P05-WP042,P05-WP042,SOURCE_WP_SCOPE,379620,2025-10-13,2025-12-26,MON_FRI_NO_HOLIDAYS,WORKDAY_FALLBACK,PER_WORKDAY,ALL_BUSINESS_DAYS,Even workday spread pending planned installation quantities; do not describe workday progression as measured physical quantity.,Approved workday fallback or quantity schedule,QUANTITY_OR_WEIGHTED,QUANTITY_PROFILE_OR_FALLBACK_UNSPECIFIED,User-approved synthetic cost ownership; PV rule/date proxies newly proposed Phase 3F,APPROVED_SYNTHETIC_PV_RULE
CL0128,P05,P05-A14b,P05-WP042,P05-WP042,SOURCE_WP_SCOPE,379620,2025-11-10,2026-01-23,MON_FRI_NO_HOLIDAYS,WORKDAY_FALLBACK,PER_WORKDAY,ALL_BUSINESS_DAYS,Even workday spread pending planned installation quantities; do not describe workday progression as measured physical quantity.,Approved workday fallback or quantity schedule,QUANTITY_OR_WEIGHTED,QUANTITY_PROFILE_OR_FALLBACK_UNSPECIFIED,User-approved synthetic cost ownership; PV rule/date proxies newly proposed Phase 3F,APPROVED_SYNTHETIC_PV_RULE
CL0129,P05,P05-A15b,P05-WP042,P05-WP042,SOURCE_WP_SCOPE,379620,2025-12-08,2026-02-20,MON_FRI_NO_HOLIDAYS,WORKDAY_FALLBACK,PER_WORKDAY,ALL_BUSINESS_DAYS,Even workday spread pending planned installation quantities; do not describe workday progression as measured physical quantity.,Approved workday fallback or quantity schedule,QUANTITY_OR_WEIGHTED,QUANTITY_PROFILE_OR_FALLBACK_UNSPECIFIED,User-approved synthetic cost ownership; PV rule/date proxies newly proposed Phase 3F,APPROVED_SYNTHETIC_PV_RULE
CL0130,P05,P05-A12c,P05-WP051,P05-WP051,SOURCE_WP_SCOPE,138750,2025-12-01,2025-12-19,MON_FRI_NO_HOLIDAYS,FINAL_GATE,100,2025-12-19,100% at activity finish as synthetic scheduled acceptance proxy; later EV requires independent deliverable evidence.,Task-specific approved acceptance deliverable,WEIGHTED_DELIVERABLE,DEFAULT_RULE_REQUIRES_APPROVAL,User-approved synthetic cost ownership; PV rule/date proxies newly proposed Phase 3F,APPROVED_SYNTHETIC_PV_RULE
CL0131,P05,P05-A13c,P05-WP051,P05-WP051,SOURCE_WP_SCOPE,138750,2025-12-29,2026-01-16,MON_FRI_NO_HOLIDAYS,FINAL_GATE,100,2026-01-16,100% at activity finish as synthetic scheduled acceptance proxy; later EV requires independent deliverable evidence.,Task-specific approved acceptance deliverable,WEIGHTED_DELIVERABLE,DEFAULT_RULE_REQUIRES_APPROVAL,User-approved synthetic cost ownership; PV rule/date proxies newly proposed Phase 3F,APPROVED_SYNTHETIC_PV_RULE
CL0132,P05,P05-A14c,P05-WP051,P05-WP051,SOURCE_WP_SCOPE,138750,2026-01-26,2026-02-13,MON_FRI_NO_HOLIDAYS,FINAL_GATE,100,2026-02-13,100% at activity finish as synthetic scheduled acceptance proxy; later EV requires independent deliverable evidence.,Task-specific approved acceptance deliverable,WEIGHTED_DELIVERABLE,DEFAULT_RULE_REQUIRES_APPROVAL,User-approved synthetic cost ownership; PV rule/date proxies newly proposed Phase 3F,APPROVED_SYNTHETIC_PV_RULE
CL0133,P05,P05-A15c,P05-WP051,P05-WP051,SOURCE_WP_SCOPE,138750,2026-02-23,2026-03-13,MON_FRI_NO_HOLIDAYS,FINAL_GATE,100,2026-03-13,100% at activity finish as synthetic scheduled acceptance proxy; later EV requires independent deliverable evidence.,Task-specific approved acceptance deliverable,WEIGHTED_DELIVERABLE,DEFAULT_RULE_REQUIRES_APPROVAL,User-approved synthetic cost ownership; PV rule/date proxies newly proposed Phase 3F,APPROVED_SYNTHETIC_PV_RULE
CL0134,P05,P05-A17,P05-WP061,P05-WP061,SOURCE_WP_SCOPE,249750,2026-04-06,2026-05-01,MON_FRI_NO_HOLIDAYS,FINAL_GATE,100,2026-05-01,100% at activity finish as synthetic scheduled acceptance proxy; later EV requires independent deliverable evidence.,Task-specific approved acceptance deliverable,WORKDAY_OR_DELIVERABLE,ACCEPTANCE_EVIDENCE_UNSPECIFIED,User-approved synthetic cost ownership; PV rule/date proxies newly proposed Phase 3F,APPROVED_SYNTHETIC_PV_RULE
CL0135,P05,P05-A18,P05-WP062,P05-WP062,SOURCE_WP_SCOPE,83250,2026-04-20,2026-05-15,MON_FRI_NO_HOLIDAYS,FINAL_GATE,100,2026-05-15,100% at activity finish as synthetic scheduled acceptance proxy; later EV requires independent deliverable evidence.,Task-specific approved acceptance deliverable,WORKDAY_OR_DELIVERABLE,ACCEPTANCE_EVIDENCE_UNSPECIFIED,User-approved synthetic cost ownership; PV rule/date proxies newly proposed Phase 3F,APPROVED_SYNTHETIC_PV_RULE
CL0136,P06,P06-A1,P06-WP011,P06-WP011,SOURCE_WP_SCOPE,75900,2025-08-01,2025-08-21,MON_FRI_NO_HOLIDAYS,WORKDAY_SPREAD,PER_WORKDAY,ALL_BUSINESS_DAYS,"Evenly across inclusive scheduled Monday-Friday workdays, no holidays; final cent residual on last day.",Approve this LOE/planned-work proxy and physical progress EV rule separately,WORKDAY_OR_DELIVERABLE,DEFAULT_RULE_REQUIRES_APPROVAL,User-approved synthetic cost ownership; PV rule/date proxies newly proposed Phase 3F,APPROVED_SYNTHETIC_PV_RULE
CL0137,P06,P06-A10,P06-WP011,P06-WP011,SOURCE_WP_SCOPE,75900,2025-12-12,2026-01-08,MON_FRI_NO_HOLIDAYS,WORKDAY_SPREAD,PER_WORKDAY,ALL_BUSINESS_DAYS,"Evenly across inclusive scheduled Monday-Friday workdays, no holidays; final cent residual on last day.",Approve this LOE/planned-work proxy and physical progress EV rule separately,WORKDAY_OR_DELIVERABLE,WEIGHTS_AND_EVENT_DATES_UNSPECIFIED,User-approved synthetic cost ownership; PV rule/date proxies newly proposed Phase 3F,APPROVED_SYNTHETIC_PV_RULE
CL0138,P06,P06-A2,P06-WP012,P06-WP012,SOURCE_WP_SCOPE,124200,2025-08-22,2025-09-04,MON_FRI_NO_HOLIDAYS,WORKDAY_SPREAD,PER_WORKDAY,ALL_BUSINESS_DAYS,"Evenly across inclusive scheduled Monday-Friday workdays, no holidays; final cent residual on last day.",Approve this LOE/planned-work proxy and physical progress EV rule separately,WORKDAY_OR_DELIVERABLE,DEFAULT_RULE_REQUIRES_APPROVAL,User-approved synthetic cost ownership; PV rule/date proxies newly proposed Phase 3F,APPROVED_SYNTHETIC_PV_RULE
CL0139,P06,P06-A3,P06-WP021,P06-WP021,SOURCE_WP_SCOPE,265650,2025-09-05,2025-10-02,MON_FRI_NO_HOLIDAYS,WORKDAY_SPREAD,PER_WORKDAY,ALL_BUSINESS_DAYS,"Evenly across inclusive scheduled Monday-Friday workdays, no holidays; final cent residual on last day.",Approve this LOE/planned-work proxy and physical progress EV rule separately,WORKDAY_OR_DELIVERABLE,DEFAULT_RULE_REQUIRES_APPROVAL,User-approved synthetic cost ownership; PV rule/date proxies newly proposed Phase 3F,APPROVED_SYNTHETIC_PV_RULE
CL0140,P06,P06-A4,P06-WP022,P06-WP022,SOURCE_WP_SCOPE,123338,2025-10-10,2025-11-06,MON_FRI_NO_HOLIDAYS,WORKDAY_SPREAD,PER_WORKDAY,ALL_BUSINESS_DAYS,"Evenly across inclusive scheduled Monday-Friday workdays, no holidays; final cent residual on last day.",Approve this LOE/planned-work proxy and physical progress EV rule separately,WORKDAY_OR_DELIVERABLE,DEFAULT_RULE_REQUIRES_APPROVAL,User-approved synthetic cost ownership; PV rule/date proxies newly proposed Phase 3F,APPROVED_SYNTHETIC_PV_RULE
CL0141,P06,P06-A4b,P06-WP022,P06-WP022,SOURCE_WP_SCOPE,123338,2025-11-07,2025-11-20,MON_FRI_NO_HOLIDAYS,WORKDAY_SPREAD,PER_WORKDAY,ALL_BUSINESS_DAYS,"Evenly across inclusive scheduled Monday-Friday workdays, no holidays; final cent residual on last day.",Approve this LOE/planned-work proxy and physical progress EV rule separately,WORKDAY_OR_DELIVERABLE,DEFAULT_RULE_REQUIRES_APPROVAL,User-approved synthetic cost ownership; PV rule/date proxies newly proposed Phase 3F,APPROVED_SYNTHETIC_PV_RULE
CL0142,P06,P06-A7,P06-WP022,P06-WP022,SOURCE_WP_SCOPE,123337,2025-12-12,2026-01-08,MON_FRI_NO_HOLIDAYS,WORKDAY_SPREAD,PER_WORKDAY,ALL_BUSINESS_DAYS,"Evenly across inclusive scheduled Monday-Friday workdays, no holidays; final cent residual on last day.",Approve this LOE/planned-work proxy and physical progress EV rule separately,WORKDAY_OR_DELIVERABLE,DEFAULT_RULE_REQUIRES_APPROVAL,User-approved synthetic cost ownership; PV rule/date proxies newly proposed Phase 3F,APPROVED_SYNTHETIC_PV_RULE
CL0143,P06,P06-A8,P06-WP022,P06-WP022,SOURCE_WP_SCOPE,123337,2025-12-12,2026-01-01,MON_FRI_NO_HOLIDAYS,WORKDAY_SPREAD,PER_WORKDAY,ALL_BUSINESS_DAYS,"Evenly across inclusive scheduled Monday-Friday workdays, no holidays; final cent residual on last day.",Approve this LOE/planned-work proxy and physical progress EV rule separately,WORKDAY_OR_DELIVERABLE,DEFAULT_RULE_REQUIRES_APPROVAL,User-approved synthetic cost ownership; PV rule/date proxies newly proposed Phase 3F,APPROVED_SYNTHETIC_PV_RULE
CL0144,P06,P06-A5,P06-WP031,P06-WP031,SOURCE_WP_SCOPE,89700,2025-10-24,2025-11-13,MON_FRI_NO_HOLIDAYS,WORKDAY_SPREAD,PER_WORKDAY,ALL_BUSINESS_DAYS,"Evenly across inclusive scheduled Monday-Friday workdays, no holidays; final cent residual on last day.",Approve this LOE/planned-work proxy and physical progress EV rule separately,WORKDAY_OR_DELIVERABLE,DEFAULT_RULE_REQUIRES_APPROVAL,User-approved synthetic cost ownership; PV rule/date proxies newly proposed Phase 3F,APPROVED_SYNTHETIC_PV_RULE
CL0145,P06,P06-A5b,P06-WP031,P06-WP031,SOURCE_WP_SCOPE,89700,2025-11-14,2025-11-27,MON_FRI_NO_HOLIDAYS,WORKDAY_SPREAD,PER_WORKDAY,ALL_BUSINESS_DAYS,"Evenly across inclusive scheduled Monday-Friday workdays, no holidays; final cent residual on last day.",Approve this LOE/planned-work proxy and physical progress EV rule separately,WORKDAY_OR_DELIVERABLE,DEFAULT_RULE_REQUIRES_APPROVAL,User-approved synthetic cost ownership; PV rule/date proxies newly proposed Phase 3F,APPROVED_SYNTHETIC_PV_RULE
CL0146,P06,P06-A11,P06-WP031,P06-WP031,SOURCE_WP_SCOPE,89700,2025-12-12,2026-01-01,MON_FRI_NO_HOLIDAYS,PROCUREMENT_20_30_30_20,20|30|30|20,2025-12-16|2025-12-23|2025-12-29|2026-01-01,"Synthetic 20/30/30/20 stage weights at 20%, 50%, 80%, 100% of inclusive scheduled workdays; stage labels approval, fabrication, inspection, acceptance are proxies requiring substitution if inconsistent with activity scope.",Four distinct dated stage/acceptance records (provisional schedule-relative proxies),WORKDAY_OR_DELIVERABLE,WEIGHTS_AND_EVENT_DATES_UNSPECIFIED,User-approved synthetic cost ownership; PV rule/date proxies newly proposed Phase 3F,APPROVED_SYNTHETIC_PV_RULE
CL0147,P06,P06-A5c,P06-WP032,P06-WP032,SOURCE_WP_SCOPE,89700,2025-11-28,2025-12-11,MON_FRI_NO_HOLIDAYS,WORKDAY_SPREAD,PER_WORKDAY,ALL_BUSINESS_DAYS,"Evenly across inclusive scheduled Monday-Friday workdays, no holidays; final cent residual on last day.",Approve this LOE/planned-work proxy and physical progress EV rule separately,WORKDAY_OR_DELIVERABLE,DEFAULT_RULE_REQUIRES_APPROVAL,User-approved synthetic cost ownership; PV rule/date proxies newly proposed Phase 3F,APPROVED_SYNTHETIC_PV_RULE
CL0148,P06,P06-A6,P06-WP032,P06-WP032,SOURCE_WP_SCOPE,89700,2025-12-12,2025-12-25,MON_FRI_NO_HOLIDAYS,WORKDAY_SPREAD,PER_WORKDAY,ALL_BUSINESS_DAYS,"Evenly across inclusive scheduled Monday-Friday workdays, no holidays; final cent residual on last day.",Approve this LOE/planned-work proxy and physical progress EV rule separately,WORKDAY_OR_DELIVERABLE,DEFAULT_RULE_REQUIRES_APPROVAL,User-approved synthetic cost ownership; PV rule/date proxies newly proposed Phase 3F,APPROVED_SYNTHETIC_PV_RULE
CL0149,P06,P06-A12,P06-WP032,P06-WP032,SOURCE_WP_SCOPE,358800,2026-01-02,2026-03-26,MON_FRI_NO_HOLIDAYS,PROCUREMENT_20_30_30_20,20|30|30|20,2026-01-19|2026-02-12|2026-03-10|2026-03-26,"Synthetic 20/30/30/20 stage weights at 20%, 50%, 80%, 100% of inclusive scheduled workdays; stage labels approval, fabrication, inspection, acceptance are proxies requiring substitution if inconsistent with activity scope.",Four distinct dated stage/acceptance records (provisional schedule-relative proxies),WEIGHTED_DELIVERABLE,WEIGHTS_AND_EVENT_DATES_UNSPECIFIED,User-approved synthetic cost ownership; PV rule/date proxies newly proposed Phase 3F,APPROVED_SYNTHETIC_PV_RULE
CL0150,P06,P06-A13,P06-WP032,P06-WP032,SOURCE_WP_SCOPE,89700,2026-03-27,2026-04-09,MON_FRI_NO_HOLIDAYS,PROCUREMENT_20_30_30_20,20|30|30|20,2026-03-30|2026-04-02|2026-04-07|2026-04-09,"Synthetic 20/30/30/20 stage weights at 20%, 50%, 80%, 100% of inclusive scheduled workdays; stage labels approval, fabrication, inspection, acceptance are proxies requiring substitution if inconsistent with activity scope.",Four distinct dated stage/acceptance records (provisional schedule-relative proxies),WORKDAY_OR_DELIVERABLE,WEIGHTS_AND_EVENT_DATES_UNSPECIFIED,User-approved synthetic cost ownership; PV rule/date proxies newly proposed Phase 3F,APPROVED_SYNTHETIC_PV_RULE
CL0151,P06,P06-A15,P06-WP041,P06-WP041,SOURCE_WP_SCOPE,340947,2025-12-12,2025-12-25,MON_FRI_NO_HOLIDAYS,WORKDAY_FALLBACK,PER_WORKDAY,ALL_BUSINESS_DAYS,Even workday spread pending planned installation quantities; do not describe workday progression as measured physical quantity.,Approved workday fallback or quantity schedule,QUANTITY_OR_WEIGHTED,DEFAULT_RULE_REQUIRES_APPROVAL,User-approved synthetic cost ownership; PV rule/date proxies newly proposed Phase 3F,APPROVED_SYNTHETIC_PV_RULE
CL0152,P06,P06-APILOTSTAGE,P06-WP041,P06-WP041,SOURCE_WP_SCOPE,454595,2026-04-10,2026-04-16,MON_FRI_NO_HOLIDAYS,PROCUREMENT_20_30_30_20,20|30|30|20,2026-04-10|2026-04-14|2026-04-15|2026-04-16,"Synthetic 20/30/30/20 stage weights at 20%, 50%, 80%, 100% of inclusive scheduled workdays; stage labels approval, fabrication, inspection, acceptance are proxies requiring substitution if inconsistent with activity scope.",Four distinct dated stage/acceptance records (provisional schedule-relative proxies),WEIGHTED_DELIVERABLE,WEIGHTS_AND_EVENT_DATES_UNSPECIFIED,User-approved synthetic cost ownership; PV rule/date proxies newly proposed Phase 3F,APPROVED_SYNTHETIC_PV_RULE
CL0153,P06,P06-A16,P06-WP041,P06-WP041,SOURCE_WP_SCOPE,340946,2026-04-17,2026-05-07,MON_FRI_NO_HOLIDAYS,WORKDAY_FALLBACK,PER_WORKDAY,ALL_BUSINESS_DAYS,Even workday spread pending planned installation quantities; do not describe workday progression as measured physical quantity.,Approved workday fallback or quantity schedule,QUANTITY_OR_WEIGHTED,DEFAULT_RULE_REQUIRES_APPROVAL,User-approved synthetic cost ownership; PV rule/date proxies newly proposed Phase 3F,APPROVED_SYNTHETIC_PV_RULE
CL0154,P06,P06-AFIRSTPILOT,P06-WP041,P06-WP041,SOURCE_WP_SCOPE,113649,2026-04-17,2026-04-20,MON_FRI_NO_HOLIDAYS,WORKDAY_FALLBACK,PER_WORKDAY,ALL_BUSINESS_DAYS,Even workday spread pending planned installation quantities; do not describe workday progression as measured physical quantity.,Approved workday fallback or quantity schedule,WORKDAY_OR_DELIVERABLE,DEFAULT_RULE_REQUIRES_APPROVAL,User-approved synthetic cost ownership; PV rule/date proxies newly proposed Phase 3F,APPROVED_SYNTHETIC_PV_RULE
CL0155,P06,P06-A18a,P06-WP041,P06-WP041,SOURCE_WP_SCOPE,340946,2026-05-29,2026-07-16,MON_FRI_NO_HOLIDAYS,WORKDAY_FALLBACK,PER_WORKDAY,ALL_BUSINESS_DAYS,Even workday spread pending planned installation quantities; do not describe workday progression as measured physical quantity.,Approved workday fallback or quantity schedule,QUANTITY_OR_WEIGHTED,DEFAULT_RULE_REQUIRES_APPROVAL,User-approved synthetic cost ownership; PV rule/date proxies newly proposed Phase 3F,APPROVED_SYNTHETIC_PV_RULE
CL0156,P06,P06-A19a,P06-WP041,P06-WP041,SOURCE_WP_SCOPE,340946,2026-06-19,2026-08-06,MON_FRI_NO_HOLIDAYS,WORKDAY_FALLBACK,PER_WORKDAY,ALL_BUSINESS_DAYS,Even workday spread pending planned installation quantities; do not describe workday progression as measured physical quantity.,Approved workday fallback or quantity schedule,QUANTITY_OR_WEIGHTED,DEFAULT_RULE_REQUIRES_APPROVAL,User-approved synthetic cost ownership; PV rule/date proxies newly proposed Phase 3F,APPROVED_SYNTHETIC_PV_RULE
CL0157,P06,P06-A20a,P06-WP041,P06-WP041,SOURCE_WP_SCOPE,340946,2026-07-10,2026-08-27,MON_FRI_NO_HOLIDAYS,WORKDAY_FALLBACK,PER_WORKDAY,ALL_BUSINESS_DAYS,Even workday spread pending planned installation quantities; do not describe workday progression as measured physical quantity.,Approved workday fallback or quantity schedule,QUANTITY_OR_WEIGHTED,DEFAULT_RULE_REQUIRES_APPROVAL,User-approved synthetic cost ownership; PV rule/date proxies newly proposed Phase 3F,APPROVED_SYNTHETIC_PV_RULE
CL0158,P06,P06-A21a,P06-WP041,P06-WP041,SOURCE_WP_SCOPE,340946,2026-07-31,2026-09-17,MON_FRI_NO_HOLIDAYS,WORKDAY_FALLBACK,PER_WORKDAY,ALL_BUSINESS_DAYS,Even workday spread pending planned installation quantities; do not describe workday progression as measured physical quantity.,Approved workday fallback or quantity schedule,QUANTITY_OR_WEIGHTED,DEFAULT_RULE_REQUIRES_APPROVAL,User-approved synthetic cost ownership; PV rule/date proxies newly proposed Phase 3F,APPROVED_SYNTHETIC_PV_RULE
CL0159,P06,P06-A22,P06-WP041,P06-WP041,SOURCE_WP_SCOPE,113649,2026-10-02,2026-10-22,MON_FRI_NO_HOLIDAYS,WORKDAY_SPREAD,PER_WORKDAY,ALL_BUSINESS_DAYS,"Evenly across inclusive scheduled Monday-Friday workdays, no holidays; final cent residual on last day.",Approve this LOE/planned-work proxy and physical progress EV rule separately,WORKDAY_OR_DELIVERABLE,DEFAULT_RULE_REQUIRES_APPROVAL,User-approved synthetic cost ownership; PV rule/date proxies newly proposed Phase 3F,APPROVED_SYNTHETIC_PV_RULE
CL0160,P06,P06-A9,P06-WP042,P06-WP042,SOURCE_WP_SCOPE,641183,2026-01-09,2026-02-19,MON_FRI_NO_HOLIDAYS,WORKDAY_FALLBACK,PER_WORKDAY,ALL_BUSINESS_DAYS,Even workday spread pending planned installation quantities; do not describe workday progression as measured physical quantity.,Approved workday fallback or quantity schedule,QUANTITY_OR_WEIGHTED,WEIGHTS_AND_EVENT_DATES_UNSPECIFIED,User-approved synthetic cost ownership; PV rule/date proxies newly proposed Phase 3F,APPROVED_SYNTHETIC_PV_RULE
CL0161,P06,P06-A14,P06-WP042,P06-WP042,SOURCE_WP_SCOPE,213727,2026-02-20,2026-03-19,MON_FRI_NO_HOLIDAYS,WORKDAY_SPREAD,PER_WORKDAY,ALL_BUSINESS_DAYS,"Evenly across inclusive scheduled Monday-Friday workdays, no holidays; final cent residual on last day.",Approve this LOE/planned-work proxy and physical progress EV rule separately,WORKDAY_OR_DELIVERABLE,DEFAULT_RULE_REQUIRES_APPROVAL,User-approved synthetic cost ownership; PV rule/date proxies newly proposed Phase 3F,APPROVED_SYNTHETIC_PV_RULE
CL0162,P06,P06-A18b,P06-WP043,P06-WP043,SOURCE_WP_SCOPE,122130,2026-07-17,2026-07-30,MON_FRI_NO_HOLIDAYS,WORKDAY_SPREAD,PER_WORKDAY,ALL_BUSINESS_DAYS,"Evenly across inclusive scheduled Monday-Friday workdays, no holidays; final cent residual on last day.",Approve this LOE/planned-work proxy and physical progress EV rule separately,WORKDAY_OR_DELIVERABLE,DEFAULT_RULE_REQUIRES_APPROVAL,User-approved synthetic cost ownership; PV rule/date proxies newly proposed Phase 3F,APPROVED_SYNTHETIC_PV_RULE
CL0163,P06,P06-A19b,P06-WP043,P06-WP043,SOURCE_WP_SCOPE,122130,2026-08-07,2026-08-20,MON_FRI_NO_HOLIDAYS,WORKDAY_SPREAD,PER_WORKDAY,ALL_BUSINESS_DAYS,"Evenly across inclusive scheduled Monday-Friday workdays, no holidays; final cent residual on last day.",Approve this LOE/planned-work proxy and physical progress EV rule separately,WORKDAY_OR_DELIVERABLE,DEFAULT_RULE_REQUIRES_APPROVAL,User-approved synthetic cost ownership; PV rule/date proxies newly proposed Phase 3F,APPROVED_SYNTHETIC_PV_RULE
CL0164,P06,P06-A20b,P06-WP043,P06-WP043,SOURCE_WP_SCOPE,122130,2026-08-28,2026-09-10,MON_FRI_NO_HOLIDAYS,WORKDAY_SPREAD,PER_WORKDAY,ALL_BUSINESS_DAYS,"Evenly across inclusive scheduled Monday-Friday workdays, no holidays; final cent residual on last day.",Approve this LOE/planned-work proxy and physical progress EV rule separately,WORKDAY_OR_DELIVERABLE,DEFAULT_RULE_REQUIRES_APPROVAL,User-approved synthetic cost ownership; PV rule/date proxies newly proposed Phase 3F,APPROVED_SYNTHETIC_PV_RULE
CL0165,P06,P06-A21b,P06-WP043,P06-WP043,SOURCE_WP_SCOPE,122130,2026-09-18,2026-10-01,MON_FRI_NO_HOLIDAYS,WORKDAY_SPREAD,PER_WORKDAY,ALL_BUSINESS_DAYS,"Evenly across inclusive scheduled Monday-Friday workdays, no holidays; final cent residual on last day.",Approve this LOE/planned-work proxy and physical progress EV rule separately,WORKDAY_OR_DELIVERABLE,DEFAULT_RULE_REQUIRES_APPROVAL,User-approved synthetic cost ownership; PV rule/date proxies newly proposed Phase 3F,APPROVED_SYNTHETIC_PV_RULE
CL0166,P06,P06-A17,P06-WP051,P06-WP051,SOURCE_WP_SCOPE,230000,2026-05-08,2026-05-28,MON_FRI_NO_HOLIDAYS,FINAL_GATE,100,2026-05-28,100% at activity finish as synthetic scheduled acceptance proxy; later EV requires independent deliverable evidence.,Task-specific approved acceptance deliverable,WEIGHTED_DELIVERABLE,DEFAULT_RULE_REQUIRES_APPROVAL,User-approved synthetic cost ownership; PV rule/date proxies newly proposed Phase 3F,APPROVED_SYNTHETIC_PV_RULE
CL0167,P06,P06-A23,P06-WP051,P06-WP051,SOURCE_WP_SCOPE,345000,2026-10-23,2026-11-05,MON_FRI_NO_HOLIDAYS,WORKDAY_FALLBACK,PER_WORKDAY,ALL_BUSINESS_DAYS,Even workday spread pending planned installation quantities; do not describe workday progression as measured physical quantity.,Approved workday fallback or quantity schedule,QUANTITY_OR_WEIGHTED,DEFAULT_RULE_REQUIRES_APPROVAL,User-approved synthetic cost ownership; PV rule/date proxies newly proposed Phase 3F,APPROVED_SYNTHETIC_PV_RULE
CL0168,P06,P06-A24,P06-WP051,P06-WP051,SOURCE_WP_SCOPE,115000,2026-11-06,2026-11-19,MON_FRI_NO_HOLIDAYS,WORKDAY_SPREAD,PER_WORKDAY,ALL_BUSINESS_DAYS,"Evenly across inclusive scheduled Monday-Friday workdays, no holidays; final cent residual on last day.",Approve this LOE/planned-work proxy and physical progress EV rule separately,WORKDAY_OR_DELIVERABLE,DEFAULT_RULE_REQUIRES_APPROVAL,User-approved synthetic cost ownership; PV rule/date proxies newly proposed Phase 3F,APPROVED_SYNTHETIC_PV_RULE
CL0169,P06,P06-A25,P06-WP061,P06-WP061,SOURCE_WP_SCOPE,144900,2026-11-20,2026-12-03,MON_FRI_NO_HOLIDAYS,FINAL_GATE,100,2026-12-03,100% at activity finish as synthetic scheduled acceptance proxy; later EV requires independent deliverable evidence.,Task-specific approved acceptance deliverable,WORKDAY_OR_DELIVERABLE,ACCEPTANCE_EVIDENCE_UNSPECIFIED,User-approved synthetic cost ownership; PV rule/date proxies newly proposed Phase 3F,APPROVED_SYNTHETIC_PV_RULE
CL0170,P06,P06-A26,P06-WP062,P06-WP062,SOURCE_WP_SCOPE,62100,2026-12-04,2026-12-24,MON_FRI_NO_HOLIDAYS,FINAL_GATE,100,2026-12-24,100% at activity finish as synthetic scheduled acceptance proxy; later EV requires independent deliverable evidence.,Task-specific approved acceptance deliverable,WORKDAY_OR_DELIVERABLE,ACCEPTANCE_EVIDENCE_UNSPECIFIED,User-approved synthetic cost ownership; PV rule/date proxies newly proposed Phase 3F,APPROVED_SYNTHETIC_PV_RULE
CL0171,P07,P07-A1,P07-WP011,P07-WP011,SOURCE_WP_SCOPE,61500,2025-10-01,2025-10-21,MON_FRI_NO_HOLIDAYS,WORKDAY_SPREAD,PER_WORKDAY,ALL_BUSINESS_DAYS,"Evenly across inclusive scheduled Monday-Friday workdays, no holidays; final cent residual on last day.",Approve this LOE/planned-work proxy and physical progress EV rule separately,WORKDAY_OR_DELIVERABLE,DEFAULT_RULE_REQUIRES_APPROVAL,User-approved synthetic cost ownership; PV rule/date proxies newly proposed Phase 3F,APPROVED_SYNTHETIC_PV_RULE
CL0172,P07,P07-A2,P07-WP012,P07-WP012,SOURCE_WP_SCOPE,61500,2025-10-22,2025-11-04,MON_FRI_NO_HOLIDAYS,WORKDAY_SPREAD,PER_WORKDAY,ALL_BUSINESS_DAYS,"Evenly across inclusive scheduled Monday-Friday workdays, no holidays; final cent residual on last day.",Approve this LOE/planned-work proxy and physical progress EV rule separately,WORKDAY_OR_DELIVERABLE,DEFAULT_RULE_REQUIRES_APPROVAL,User-approved synthetic cost ownership; PV rule/date proxies newly proposed Phase 3F,APPROVED_SYNTHETIC_PV_RULE
CL0173,P07,P07-A3,P07-WP021,P07-WP021,SOURCE_WP_SCOPE,129150,2025-11-05,2025-12-02,MON_FRI_NO_HOLIDAYS,WORKDAY_SPREAD,PER_WORKDAY,ALL_BUSINESS_DAYS,"Evenly across inclusive scheduled Monday-Friday workdays, no holidays; final cent residual on last day.",Approve this LOE/planned-work proxy and physical progress EV rule separately,WORKDAY_OR_DELIVERABLE,DEFAULT_RULE_REQUIRES_APPROVAL,User-approved synthetic cost ownership; PV rule/date proxies newly proposed Phase 3F,APPROVED_SYNTHETIC_PV_RULE
CL0174,P07,P07-A4,P07-WP022,P07-WP022,SOURCE_WP_SCOPE,119925,2025-12-10,2026-01-06,MON_FRI_NO_HOLIDAYS,WORKDAY_SPREAD,PER_WORKDAY,ALL_BUSINESS_DAYS,"Evenly across inclusive scheduled Monday-Friday workdays, no holidays; final cent residual on last day.",Approve this LOE/planned-work proxy and physical progress EV rule separately,WORKDAY_OR_DELIVERABLE,DEFAULT_RULE_REQUIRES_APPROVAL,User-approved synthetic cost ownership; PV rule/date proxies newly proposed Phase 3F,APPROVED_SYNTHETIC_PV_RULE
CL0175,P07,P07-A4b,P07-WP022,P07-WP022,SOURCE_WP_SCOPE,119925,2026-01-07,2026-01-27,MON_FRI_NO_HOLIDAYS,WORKDAY_SPREAD,PER_WORKDAY,ALL_BUSINESS_DAYS,"Evenly across inclusive scheduled Monday-Friday workdays, no holidays; final cent residual on last day.",Approve this LOE/planned-work proxy and physical progress EV rule separately,WORKDAY_OR_DELIVERABLE,DEFAULT_RULE_REQUIRES_APPROVAL,User-approved synthetic cost ownership; PV rule/date proxies newly proposed Phase 3F,APPROVED_SYNTHETIC_PV_RULE
CL0176,P07,P07-A5,P07-WP031,P07-WP031,SOURCE_WP_SCOPE,47834,2025-12-24,2026-01-13,MON_FRI_NO_HOLIDAYS,WORKDAY_SPREAD,PER_WORKDAY,ALL_BUSINESS_DAYS,"Evenly across inclusive scheduled Monday-Friday workdays, no holidays; final cent residual on last day.",Approve this LOE/planned-work proxy and physical progress EV rule separately,WORKDAY_OR_DELIVERABLE,DEFAULT_RULE_REQUIRES_APPROVAL,User-approved synthetic cost ownership; PV rule/date proxies newly proposed Phase 3F,APPROVED_SYNTHETIC_PV_RULE
CL0177,P07,P07-A5b,P07-WP031,P07-WP031,SOURCE_WP_SCOPE,47833,2026-01-14,2026-01-27,MON_FRI_NO_HOLIDAYS,WORKDAY_SPREAD,PER_WORKDAY,ALL_BUSINESS_DAYS,"Evenly across inclusive scheduled Monday-Friday workdays, no holidays; final cent residual on last day.",Approve this LOE/planned-work proxy and physical progress EV rule separately,WORKDAY_OR_DELIVERABLE,DEFAULT_RULE_REQUIRES_APPROVAL,User-approved synthetic cost ownership; PV rule/date proxies newly proposed Phase 3F,APPROVED_SYNTHETIC_PV_RULE
CL0178,P07,P07-A8,P07-WP031,P07-WP031,SOURCE_WP_SCOPE,47833,2026-02-25,2026-03-17,MON_FRI_NO_HOLIDAYS,PROCUREMENT_20_30_30_20,20|30|30|20,2026-02-27|2026-03-06|2026-03-12|2026-03-17,"Synthetic 20/30/30/20 stage weights at 20%, 50%, 80%, 100% of inclusive scheduled workdays; stage labels approval, fabrication, inspection, acceptance are proxies requiring substitution if inconsistent with activity scope.",Four distinct dated stage/acceptance records (provisional schedule-relative proxies),WORKDAY_OR_DELIVERABLE,WEIGHTS_AND_EVENT_DATES_UNSPECIFIED,User-approved synthetic cost ownership; PV rule/date proxies newly proposed Phase 3F,APPROVED_SYNTHETIC_PV_RULE
CL0179,P07,P07-A5c,P07-WP032,P07-WP032,SOURCE_WP_SCOPE,133250,2026-01-28,2026-02-10,MON_FRI_NO_HOLIDAYS,WORKDAY_SPREAD,PER_WORKDAY,ALL_BUSINESS_DAYS,"Evenly across inclusive scheduled Monday-Friday workdays, no holidays; final cent residual on last day.",Approve this LOE/planned-work proxy and physical progress EV rule separately,WORKDAY_OR_DELIVERABLE,DEFAULT_RULE_REQUIRES_APPROVAL,User-approved synthetic cost ownership; PV rule/date proxies newly proposed Phase 3F,APPROVED_SYNTHETIC_PV_RULE
CL0180,P07,P07-A6,P07-WP032,P07-WP032,SOURCE_WP_SCOPE,133250,2026-02-25,2026-03-10,MON_FRI_NO_HOLIDAYS,WORKDAY_SPREAD,PER_WORKDAY,ALL_BUSINESS_DAYS,"Evenly across inclusive scheduled Monday-Friday workdays, no holidays; final cent residual on last day.",Approve this LOE/planned-work proxy and physical progress EV rule separately,WORKDAY_OR_DELIVERABLE,DEFAULT_RULE_REQUIRES_APPROVAL,User-approved synthetic cost ownership; PV rule/date proxies newly proposed Phase 3F,APPROVED_SYNTHETIC_PV_RULE
CL0181,P07,P07-A7,P07-WP041,P07-WP041,SOURCE_WP_SCOPE,446080,2026-02-25,2026-03-10,MON_FRI_NO_HOLIDAYS,WORKDAY_SPREAD,PER_WORKDAY,ALL_BUSINESS_DAYS,"Evenly across inclusive scheduled Monday-Friday workdays, no holidays; final cent residual on last day.",Approve this LOE/planned-work proxy and physical progress EV rule separately,WORKDAY_OR_DELIVERABLE,DEFAULT_RULE_REQUIRES_APPROVAL,User-approved synthetic cost ownership; PV rule/date proxies newly proposed Phase 3F,APPROVED_SYNTHETIC_PV_RULE
CL0182,P07,P07-A10,P07-WP041,P07-WP041,SOURCE_WP_SCOPE,446080,2026-03-11,2026-03-31,MON_FRI_NO_HOLIDAYS,WORKDAY_FALLBACK,PER_WORKDAY,ALL_BUSINESS_DAYS,Even workday spread pending planned installation quantities; do not describe workday progression as measured physical quantity.,Approved workday fallback or quantity schedule,WORKDAY_OR_DELIVERABLE,QUANTITY_PROFILE_OR_FALLBACK_UNSPECIFIED,User-approved synthetic cost ownership; PV rule/date proxies newly proposed Phase 3F,APPROVED_SYNTHETIC_PV_RULE
CL0183,P07,P07-A16,P07-WP041,P07-WP041,SOURCE_WP_SCOPE,892160,2026-07-22,2026-08-04,MON_FRI_NO_HOLIDAYS,FINAL_GATE,100,2026-08-04,100% at activity finish as synthetic scheduled acceptance proxy; later EV requires independent deliverable evidence.,Task-specific approved acceptance deliverable,WEIGHTED_DELIVERABLE,ACCEPTANCE_EVIDENCE_UNSPECIFIED,User-approved synthetic cost ownership; PV rule/date proxies newly proposed Phase 3F,APPROVED_SYNTHETIC_PV_RULE
CL0184,P07,P07-A11,P07-WP042,P07-WP042,SOURCE_WP_SCOPE,585480,2026-04-29,2026-05-19,MON_FRI_NO_HOLIDAYS,WORKDAY_FALLBACK,PER_WORKDAY,ALL_BUSINESS_DAYS,Even workday spread pending planned installation quantities; do not describe workday progression as measured physical quantity.,Approved workday fallback or quantity schedule,QUANTITY_DRIVEN_PROVISIONAL,QUANTITY_PROFILE_OR_FALLBACK_UNSPECIFIED,User-approved synthetic cost ownership; PV rule/date proxies newly proposed Phase 3F,APPROVED_SYNTHETIC_PV_RULE
CL0185,P07,P07-A9,P07-WP043,P07-WP043,SOURCE_WP_SCOPE,83640,2026-03-18,2026-04-28,MON_FRI_NO_HOLIDAYS,PROCUREMENT_20_30_30_20,20|30|30|20,2026-03-25|2026-04-07|2026-04-20|2026-04-28,"Synthetic 20/30/30/20 stage weights at 20%, 50%, 80%, 100% of inclusive scheduled workdays; stage labels approval, fabrication, inspection, acceptance are proxies requiring substitution if inconsistent with activity scope.",Four distinct dated stage/acceptance records (provisional schedule-relative proxies),WORKDAY_OR_DELIVERABLE,WEIGHTS_AND_EVENT_DATES_UNSPECIFIED,User-approved synthetic cost ownership; PV rule/date proxies newly proposed Phase 3F,APPROVED_SYNTHETIC_PV_RULE
CL0186,P07,P07-A12,P07-WP043,P07-WP043,SOURCE_WP_SCOPE,250920,2026-05-20,2026-06-02,MON_FRI_NO_HOLIDAYS,WORKDAY_FALLBACK,PER_WORKDAY,ALL_BUSINESS_DAYS,Even workday spread pending planned installation quantities; do not describe workday progression as measured physical quantity.,Approved workday fallback or quantity schedule,QUANTITY_OR_WEIGHTED,QUANTITY_PROFILE_OR_FALLBACK_UNSPECIFIED,User-approved synthetic cost ownership; PV rule/date proxies newly proposed Phase 3F,APPROVED_SYNTHETIC_PV_RULE
CL0187,P07,P07-A13,P07-WP043,P07-WP043,SOURCE_WP_SCOPE,83640,2026-06-03,2026-06-16,MON_FRI_NO_HOLIDAYS,WORKDAY_SPREAD,PER_WORKDAY,ALL_BUSINESS_DAYS,"Evenly across inclusive scheduled Monday-Friday workdays, no holidays; final cent residual on last day.",Approve this LOE/planned-work proxy and physical progress EV rule separately,WORKDAY_OR_DELIVERABLE,DEFAULT_RULE_REQUIRES_APPROVAL,User-approved synthetic cost ownership; PV rule/date proxies newly proposed Phase 3F,APPROVED_SYNTHETIC_PV_RULE
CL0188,P07,P07-A14,P07-WP051,P07-WP051,SOURCE_WP_SCOPE,191333,2026-06-17,2026-06-30,MON_FRI_NO_HOLIDAYS,FINAL_GATE,100,2026-06-30,100% at activity finish as synthetic scheduled acceptance proxy; later EV requires independent deliverable evidence.,Task-specific approved acceptance deliverable,WEIGHTED_DELIVERABLE,ACCEPTANCE_EVIDENCE_UNSPECIFIED,User-approved synthetic cost ownership; PV rule/date proxies newly proposed Phase 3F,APPROVED_SYNTHETIC_PV_RULE
CL0189,P07,P07-A15,P07-WP051,P07-WP051,SOURCE_WP_SCOPE,95667,2026-07-01,2026-07-21,MON_FRI_NO_HOLIDAYS,WORKDAY_SPREAD,PER_WORKDAY,ALL_BUSINESS_DAYS,"Evenly across inclusive scheduled Monday-Friday workdays, no holidays; final cent residual on last day.",Approve this LOE/planned-work proxy and physical progress EV rule separately,WORKDAY_OR_DELIVERABLE,DEFAULT_RULE_REQUIRES_APPROVAL,User-approved synthetic cost ownership; PV rule/date proxies newly proposed Phase 3F,APPROVED_SYNTHETIC_PV_RULE
CL0190,P07,P07-A17,P07-WP061,P07-WP061,SOURCE_WP_SCOPE,79950,2026-08-05,2026-08-18,MON_FRI_NO_HOLIDAYS,FINAL_GATE,100,2026-08-18,100% at activity finish as synthetic scheduled acceptance proxy; later EV requires independent deliverable evidence.,Task-specific approved acceptance deliverable,WORKDAY_OR_DELIVERABLE,ACCEPTANCE_EVIDENCE_UNSPECIFIED,User-approved synthetic cost ownership; PV rule/date proxies newly proposed Phase 3F,APPROVED_SYNTHETIC_PV_RULE
CL0191,P07,P07-A18,P07-WP062,P07-WP062,SOURCE_WP_SCOPE,43050,2026-08-12,2026-09-01,MON_FRI_NO_HOLIDAYS,FINAL_GATE,100,2026-09-01,100% at activity finish as synthetic scheduled acceptance proxy; later EV requires independent deliverable evidence.,Task-specific approved acceptance deliverable,WORKDAY_OR_DELIVERABLE,ACCEPTANCE_EVIDENCE_UNSPECIFIED,User-approved synthetic cost ownership; PV rule/date proxies newly proposed Phase 3F,APPROVED_SYNTHETIC_PV_RULE
CL0192,P08,P08-A1,P08-WP011,P08-WP011,SOURCE_WP_SCOPE,62100,2025-12-01,2025-12-19,MON_FRI_NO_HOLIDAYS,WORKDAY_SPREAD,PER_WORKDAY,ALL_BUSINESS_DAYS,"Evenly across inclusive scheduled Monday-Friday workdays, no holidays; final cent residual on last day.",Approve this LOE/planned-work proxy and physical progress EV rule separately,WORKDAY_OR_DELIVERABLE,DEFAULT_RULE_REQUIRES_APPROVAL,User-approved synthetic cost ownership; PV rule/date proxies newly proposed Phase 3F,APPROVED_SYNTHETIC_PV_RULE
CL0193,P08,P08-A2,P08-WP012,P08-WP012,SOURCE_WP_SCOPE,75900,2025-12-22,2026-01-02,MON_FRI_NO_HOLIDAYS,WORKDAY_SPREAD,PER_WORKDAY,ALL_BUSINESS_DAYS,"Evenly across inclusive scheduled Monday-Friday workdays, no holidays; final cent residual on last day.",Approve this LOE/planned-work proxy and physical progress EV rule separately,WORKDAY_OR_DELIVERABLE,WEIGHTS_AND_EVENT_DATES_UNSPECIFIED,User-approved synthetic cost ownership; PV rule/date proxies newly proposed Phase 3F,APPROVED_SYNTHETIC_PV_RULE
CL0194,P08,P08-A3,P08-WP021,P08-WP021,SOURCE_WP_SCOPE,128800,2026-01-05,2026-01-30,MON_FRI_NO_HOLIDAYS,WORKDAY_SPREAD,PER_WORKDAY,ALL_BUSINESS_DAYS,"Evenly across inclusive scheduled Monday-Friday workdays, no holidays; final cent residual on last day.",Approve this LOE/planned-work proxy and physical progress EV rule separately,WORKDAY_OR_DELIVERABLE,DEFAULT_RULE_REQUIRES_APPROVAL,User-approved synthetic cost ownership; PV rule/date proxies newly proposed Phase 3F,APPROVED_SYNTHETIC_PV_RULE
CL0195,P08,P08-A4,P08-WP022,P08-WP022,SOURCE_WP_SCOPE,119600,2026-02-09,2026-03-06,MON_FRI_NO_HOLIDAYS,WORKDAY_SPREAD,PER_WORKDAY,ALL_BUSINESS_DAYS,"Evenly across inclusive scheduled Monday-Friday workdays, no holidays; final cent residual on last day.",Approve this LOE/planned-work proxy and physical progress EV rule separately,WORKDAY_OR_DELIVERABLE,DEFAULT_RULE_REQUIRES_APPROVAL,User-approved synthetic cost ownership; PV rule/date proxies newly proposed Phase 3F,APPROVED_SYNTHETIC_PV_RULE
CL0196,P08,P08-A4b,P08-WP022,P08-WP022,SOURCE_WP_SCOPE,119600,2026-03-09,2026-03-27,MON_FRI_NO_HOLIDAYS,WORKDAY_SPREAD,PER_WORKDAY,ALL_BUSINESS_DAYS,"Evenly across inclusive scheduled Monday-Friday workdays, no holidays; final cent residual on last day.",Approve this LOE/planned-work proxy and physical progress EV rule separately,WORKDAY_OR_DELIVERABLE,DEFAULT_RULE_REQUIRES_APPROVAL,User-approved synthetic cost ownership; PV rule/date proxies newly proposed Phase 3F,APPROVED_SYNTHETIC_PV_RULE
CL0197,P08,P08-A5,P08-WP031,P08-WP031,SOURCE_WP_SCOPE,58880,2026-02-23,2026-03-13,MON_FRI_NO_HOLIDAYS,WORKDAY_SPREAD,PER_WORKDAY,ALL_BUSINESS_DAYS,"Evenly across inclusive scheduled Monday-Friday workdays, no holidays; final cent residual on last day.",Approve this LOE/planned-work proxy and physical progress EV rule separately,WORKDAY_OR_DELIVERABLE,DEFAULT_RULE_REQUIRES_APPROVAL,User-approved synthetic cost ownership; PV rule/date proxies newly proposed Phase 3F,APPROVED_SYNTHETIC_PV_RULE
CL0198,P08,P08-A5b,P08-WP031,P08-WP031,SOURCE_WP_SCOPE,58880,2026-03-16,2026-03-27,MON_FRI_NO_HOLIDAYS,WORKDAY_SPREAD,PER_WORKDAY,ALL_BUSINESS_DAYS,"Evenly across inclusive scheduled Monday-Friday workdays, no holidays; final cent residual on last day.",Approve this LOE/planned-work proxy and physical progress EV rule separately,WORKDAY_OR_DELIVERABLE,DEFAULT_RULE_REQUIRES_APPROVAL,User-approved synthetic cost ownership; PV rule/date proxies newly proposed Phase 3F,APPROVED_SYNTHETIC_PV_RULE
CL0199,P08,P08-A8,P08-WP031,P08-WP031,SOURCE_WP_SCOPE,58880,2026-04-27,2026-05-15,MON_FRI_NO_HOLIDAYS,PROCUREMENT_20_30_30_20,20|30|30|20,2026-04-29|2026-05-06|2026-05-12|2026-05-15,"Synthetic 20/30/30/20 stage weights at 20%, 50%, 80%, 100% of inclusive scheduled workdays; stage labels approval, fabrication, inspection, acceptance are proxies requiring substitution if inconsistent with activity scope.",Four distinct dated stage/acceptance records (provisional schedule-relative proxies),WORKDAY_OR_DELIVERABLE,WEIGHTS_AND_EVENT_DATES_UNSPECIFIED,User-approved synthetic cost ownership; PV rule/date proxies newly proposed Phase 3F,APPROVED_SYNTHETIC_PV_RULE
CL0200,P08,P08-A5c,P08-WP032,P08-WP032,SOURCE_WP_SCOPE,187680,2026-03-30,2026-04-10,MON_FRI_NO_HOLIDAYS,WORKDAY_SPREAD,PER_WORKDAY,ALL_BUSINESS_DAYS,"Evenly across inclusive scheduled Monday-Friday workdays, no holidays; final cent residual on last day.",Approve this LOE/planned-work proxy and physical progress EV rule separately,WORKDAY_OR_DELIVERABLE,DEFAULT_RULE_REQUIRES_APPROVAL,User-approved synthetic cost ownership; PV rule/date proxies newly proposed Phase 3F,APPROVED_SYNTHETIC_PV_RULE
CL0201,P08,P08-A6,P08-WP032,P08-WP032,SOURCE_WP_SCOPE,187680,2026-04-27,2026-05-08,MON_FRI_NO_HOLIDAYS,WORKDAY_SPREAD,PER_WORKDAY,ALL_BUSINESS_DAYS,"Evenly across inclusive scheduled Monday-Friday workdays, no holidays; final cent residual on last day.",Approve this LOE/planned-work proxy and physical progress EV rule separately,WORKDAY_OR_DELIVERABLE,DEFAULT_RULE_REQUIRES_APPROVAL,User-approved synthetic cost ownership; PV rule/date proxies newly proposed Phase 3F,APPROVED_SYNTHETIC_PV_RULE
CL0202,P08,P08-A7,P08-WP041,P08-WP041,SOURCE_WP_SCOPE,102290,2026-01-19,2026-02-06,MON_FRI_NO_HOLIDAYS,WORKDAY_SPREAD,PER_WORKDAY,ALL_BUSINESS_DAYS,"Evenly across inclusive scheduled Monday-Friday workdays, no holidays; final cent residual on last day.",Approve this LOE/planned-work proxy and physical progress EV rule separately,WORKDAY_OR_DELIVERABLE,DEFAULT_RULE_REQUIRES_APPROVAL,User-approved synthetic cost ownership; PV rule/date proxies newly proposed Phase 3F,APPROVED_SYNTHETIC_PV_RULE
CL0203,P08,P08-A13,P08-WP041,P08-WP041,SOURCE_WP_SCOPE,102290,2026-04-27,2026-05-15,MON_FRI_NO_HOLIDAYS,WORKDAY_SPREAD,PER_WORKDAY,ALL_BUSINESS_DAYS,"Evenly across inclusive scheduled Monday-Friday workdays, no holidays; final cent residual on last day.",Approve this LOE/planned-work proxy and physical progress EV rule separately,WORKDAY_OR_DELIVERABLE,DEFAULT_RULE_REQUIRES_APPROVAL,User-approved synthetic cost ownership; PV rule/date proxies newly proposed Phase 3F,APPROVED_SYNTHETIC_PV_RULE
CL0204,P08,P08-A14,P08-WP041,P08-WP041,SOURCE_WP_SCOPE,102289,2026-04-27,2026-05-08,MON_FRI_NO_HOLIDAYS,WORKDAY_SPREAD,PER_WORKDAY,ALL_BUSINESS_DAYS,"Evenly across inclusive scheduled Monday-Friday workdays, no holidays; final cent residual on last day.",Approve this LOE/planned-work proxy and physical progress EV rule separately,WORKDAY_OR_DELIVERABLE,DEFAULT_RULE_REQUIRES_APPROVAL,User-approved synthetic cost ownership; PV rule/date proxies newly proposed Phase 3F,APPROVED_SYNTHETIC_PV_RULE
CL0205,P08,P08-A9,P08-WP041,P08-WP041,SOURCE_WP_SCOPE,409158,2026-05-18,2026-08-28,MON_FRI_NO_HOLIDAYS,PROCUREMENT_20_30_30_20,20|30|30|20,2026-06-05|2026-07-08|2026-08-07|2026-08-28,"Synthetic 20/30/30/20 stage weights at 20%, 50%, 80%, 100% of inclusive scheduled workdays; stage labels approval, fabrication, inspection, acceptance are proxies requiring substitution if inconsistent with activity scope.",Four distinct dated stage/acceptance records (provisional schedule-relative proxies),WEIGHTED_DELIVERABLE,WEIGHTS_AND_EVENT_DATES_UNSPECIFIED,User-approved synthetic cost ownership; PV rule/date proxies newly proposed Phase 3F,APPROVED_SYNTHETIC_PV_RULE
CL0206,P08,P08-A9fat,P08-WP041,P08-WP041,SOURCE_WP_SCOPE,102289,2026-08-31,2026-09-11,MON_FRI_NO_HOLIDAYS,WORKDAY_SPREAD,PER_WORKDAY,ALL_BUSINESS_DAYS,"Evenly across inclusive scheduled Monday-Friday workdays, no holidays; final cent residual on last day.",Approve this LOE/planned-work proxy and physical progress EV rule separately,WORKDAY_OR_DELIVERABLE,WEIGHTS_AND_EVENT_DATES_UNSPECIFIED,User-approved synthetic cost ownership; PV rule/date proxies newly proposed Phase 3F,APPROVED_SYNTHETIC_PV_RULE
CL0207,P08,P08-A11,P08-WP041,P08-WP041,SOURCE_WP_SCOPE,409158,2026-09-14,2026-09-25,MON_FRI_NO_HOLIDAYS,PROCUREMENT_20_30_30_20,20|30|30|20,2026-09-15|2026-09-18|2026-09-23|2026-09-25,"Synthetic 20/30/30/20 stage weights at 20%, 50%, 80%, 100% of inclusive scheduled workdays; stage labels approval, fabrication, inspection, acceptance are proxies requiring substitution if inconsistent with activity scope.",Four distinct dated stage/acceptance records (provisional schedule-relative proxies),WEIGHTED_DELIVERABLE,WEIGHTS_AND_EVENT_DATES_UNSPECIFIED,User-approved synthetic cost ownership; PV rule/date proxies newly proposed Phase 3F,APPROVED_SYNTHETIC_PV_RULE
CL0208,P08,P08-A15,P08-WP041,P08-WP041,SOURCE_WP_SCOPE,409158,2026-09-28,2026-10-09,MON_FRI_NO_HOLIDAYS,WORKDAY_FALLBACK,PER_WORKDAY,ALL_BUSINESS_DAYS,Even workday spread pending planned installation quantities; do not describe workday progression as measured physical quantity.,Approved workday fallback or quantity schedule,WEIGHTED_DELIVERABLE,WEIGHTS_AND_EVENT_DATES_UNSPECIFIED,User-approved synthetic cost ownership; PV rule/date proxies newly proposed Phase 3F,APPROVED_SYNTHETIC_PV_RULE
CL0209,P08,P08-A17,P08-WP041,P08-WP041,SOURCE_WP_SCOPE,102289,2026-10-12,2026-10-23,MON_FRI_NO_HOLIDAYS,WORKDAY_SPREAD,PER_WORKDAY,ALL_BUSINESS_DAYS,"Evenly across inclusive scheduled Monday-Friday workdays, no holidays; final cent residual on last day.",Approve this LOE/planned-work proxy and physical progress EV rule separately,WORKDAY_OR_DELIVERABLE,DEFAULT_RULE_REQUIRES_APPROVAL,User-approved synthetic cost ownership; PV rule/date proxies newly proposed Phase 3F,APPROVED_SYNTHETIC_PV_RULE
CL0210,P08,P08-A21,P08-WP041,P08-WP041,SOURCE_WP_SCOPE,204579,2026-11-30,2026-12-11,MON_FRI_NO_HOLIDAYS,FINAL_GATE,100,2026-12-11,100% at activity finish as synthetic scheduled acceptance proxy; later EV requires independent deliverable evidence.,Task-specific approved acceptance deliverable,WEIGHTED_DELIVERABLE,ACCEPTANCE_EVIDENCE_UNSPECIFIED,User-approved synthetic cost ownership; PV rule/date proxies newly proposed Phase 3F,APPROVED_SYNTHETIC_PV_RULE
CL0211,P08,P08-A10,P08-WP042,P08-WP042,SOURCE_WP_SCOPE,289034,2026-05-18,2026-08-07,MON_FRI_NO_HOLIDAYS,PROCUREMENT_20_30_30_20,20|30|30|20,2026-06-02|2026-06-26|2026-07-22|2026-08-07,"Synthetic 20/30/30/20 stage weights at 20%, 50%, 80%, 100% of inclusive scheduled workdays; stage labels approval, fabrication, inspection, acceptance are proxies requiring substitution if inconsistent with activity scope.",Four distinct dated stage/acceptance records (provisional schedule-relative proxies),WEIGHTED_DELIVERABLE,WEIGHTS_AND_EVENT_DATES_UNSPECIFIED,User-approved synthetic cost ownership; PV rule/date proxies newly proposed Phase 3F,APPROVED_SYNTHETIC_PV_RULE
CL0212,P08,P08-A10fat,P08-WP042,P08-WP042,SOURCE_WP_SCOPE,72258,2026-08-10,2026-08-19,MON_FRI_NO_HOLIDAYS,WORKDAY_SPREAD,PER_WORKDAY,ALL_BUSINESS_DAYS,"Evenly across inclusive scheduled Monday-Friday workdays, no holidays; final cent residual on last day.",Approve this LOE/planned-work proxy and physical progress EV rule separately,WORKDAY_OR_DELIVERABLE,DEFAULT_RULE_REQUIRES_APPROVAL,User-approved synthetic cost ownership; PV rule/date proxies newly proposed Phase 3F,APPROVED_SYNTHETIC_PV_RULE
CL0213,P08,P08-A12,P08-WP042,P08-WP042,SOURCE_WP_SCOPE,289033,2026-08-20,2026-08-31,MON_FRI_NO_HOLIDAYS,PROCUREMENT_20_30_30_20,20|30|30|20,2026-08-21|2026-08-25|2026-08-28|2026-08-31,"Synthetic 20/30/30/20 stage weights at 20%, 50%, 80%, 100% of inclusive scheduled workdays; stage labels approval, fabrication, inspection, acceptance are proxies requiring substitution if inconsistent with activity scope.",Four distinct dated stage/acceptance records (provisional schedule-relative proxies),WEIGHTED_DELIVERABLE,WEIGHTS_AND_EVENT_DATES_UNSPECIFIED,User-approved synthetic cost ownership; PV rule/date proxies newly proposed Phase 3F,APPROVED_SYNTHETIC_PV_RULE
CL0214,P08,P08-A16,P08-WP042,P08-WP042,SOURCE_WP_SCOPE,216775,2026-09-01,2026-09-21,MON_FRI_NO_HOLIDAYS,WORKDAY_FALLBACK,PER_WORKDAY,ALL_BUSINESS_DAYS,Even workday spread pending planned installation quantities; do not describe workday progression as measured physical quantity.,Approved workday fallback or quantity schedule,QUANTITY_OR_WEIGHTED,QUANTITY_PROFILE_OR_FALLBACK_UNSPECIFIED,User-approved synthetic cost ownership; PV rule/date proxies newly proposed Phase 3F,APPROVED_SYNTHETIC_PV_RULE
CL0215,P08,P08-A18,P08-WP051,P08-WP051,SOURCE_WP_SCOPE,138000,2026-10-26,2026-11-06,MON_FRI_NO_HOLIDAYS,FINAL_GATE,100,2026-11-06,100% at activity finish as synthetic scheduled acceptance proxy; later EV requires independent deliverable evidence.,Task-specific approved acceptance deliverable,WEIGHTED_DELIVERABLE,DEFAULT_RULE_REQUIRES_APPROVAL,User-approved synthetic cost ownership; PV rule/date proxies newly proposed Phase 3F,APPROVED_SYNTHETIC_PV_RULE
CL0216,P08,P08-A19,P08-WP051,P08-WP051,SOURCE_WP_SCOPE,138000,2026-11-09,2026-11-20,MON_FRI_NO_HOLIDAYS,FINAL_GATE,100,2026-11-20,100% at activity finish as synthetic scheduled acceptance proxy; later EV requires independent deliverable evidence.,Task-specific approved acceptance deliverable,WEIGHTED_DELIVERABLE,ACCEPTANCE_EVIDENCE_UNSPECIFIED,User-approved synthetic cost ownership; PV rule/date proxies newly proposed Phase 3F,APPROVED_SYNTHETIC_PV_RULE
CL0217,P08,P08-A20,P08-WP051,P08-WP051,SOURCE_WP_SCOPE,138000,2026-11-23,2026-11-27,MON_FRI_NO_HOLIDAYS,FINAL_GATE,100,2026-11-27,100% at activity finish as synthetic scheduled acceptance proxy; later EV requires independent deliverable evidence.,Task-specific approved acceptance deliverable,WEIGHTED_DELIVERABLE,ACCEPTANCE_EVIDENCE_UNSPECIFIED,User-approved synthetic cost ownership; PV rule/date proxies newly proposed Phase 3F,APPROVED_SYNTHETIC_PV_RULE
CL0218,P08,P08-A22,P08-WP061,P08-WP061,SOURCE_WP_SCOPE,89700,2026-12-14,2026-12-25,MON_FRI_NO_HOLIDAYS,FINAL_GATE,100,2026-12-25,100% at activity finish as synthetic scheduled acceptance proxy; later EV requires independent deliverable evidence.,Task-specific approved acceptance deliverable,WORKDAY_OR_DELIVERABLE,ACCEPTANCE_EVIDENCE_UNSPECIFIED,User-approved synthetic cost ownership; PV rule/date proxies newly proposed Phase 3F,APPROVED_SYNTHETIC_PV_RULE
CL0219,P08,P08-A23,P08-WP062,P08-WP062,SOURCE_WP_SCOPE,48300,2026-12-21,2027-01-08,MON_FRI_NO_HOLIDAYS,FINAL_GATE,100,2027-01-08,100% at activity finish as synthetic scheduled acceptance proxy; later EV requires independent deliverable evidence.,Task-specific approved acceptance deliverable,WORKDAY_OR_DELIVERABLE,ACCEPTANCE_EVIDENCE_UNSPECIFIED,User-approved synthetic cost ownership; PV rule/date proxies newly proposed Phase 3F,APPROVED_SYNTHETIC_PV_RULE
CL0220,P09,P09-A1,P09-WP011,P09-WP011,SOURCE_WP_SCOPE,117000,2026-02-02,2026-02-20,MON_FRI_NO_HOLIDAYS,WORKDAY_SPREAD,PER_WORKDAY,ALL_BUSINESS_DAYS,"Evenly across inclusive scheduled Monday-Friday workdays, no holidays; final cent residual on last day.",Approve this LOE/planned-work proxy and physical progress EV rule separately,WORKDAY_OR_DELIVERABLE,DEFAULT_RULE_REQUIRES_APPROVAL,User-approved synthetic cost ownership; PV rule/date proxies newly proposed Phase 3F,APPROVED_SYNTHETIC_PV_RULE
CL0221,P09,P09-A2,P09-WP012,P09-WP012,SOURCE_WP_SCOPE,117000,2026-02-23,2026-03-06,MON_FRI_NO_HOLIDAYS,WORKDAY_FALLBACK,PER_WORKDAY,ALL_BUSINESS_DAYS,Even workday spread pending planned installation quantities; do not describe workday progression as measured physical quantity.,Approved workday fallback or quantity schedule,WORKDAY_OR_DELIVERABLE,QUANTITY_PROFILE_OR_FALLBACK_UNSPECIFIED,User-approved synthetic cost ownership; PV rule/date proxies newly proposed Phase 3F,APPROVED_SYNTHETIC_PV_RULE
CL0222,P09,P09-A3a,P09-WP021,P09-WP021,SOURCE_WP_SCOPE,124800,2026-03-09,2026-04-03,MON_FRI_NO_HOLIDAYS,WORKDAY_SPREAD,PER_WORKDAY,ALL_BUSINESS_DAYS,"Evenly across inclusive scheduled Monday-Friday workdays, no holidays; final cent residual on last day.",Approve this LOE/planned-work proxy and physical progress EV rule separately,WORKDAY_OR_DELIVERABLE,DEFAULT_RULE_REQUIRES_APPROVAL,User-approved synthetic cost ownership; PV rule/date proxies newly proposed Phase 3F,APPROVED_SYNTHETIC_PV_RULE
CL0223,P09,P09-A3,P09-WP021,P09-WP021,SOURCE_WP_SCOPE,124800,2026-04-06,2026-05-01,MON_FRI_NO_HOLIDAYS,WORKDAY_SPREAD,PER_WORKDAY,ALL_BUSINESS_DAYS,"Evenly across inclusive scheduled Monday-Friday workdays, no holidays; final cent residual on last day.",Approve this LOE/planned-work proxy and physical progress EV rule separately,WORKDAY_OR_DELIVERABLE,DEFAULT_RULE_REQUIRES_APPROVAL,User-approved synthetic cost ownership; PV rule/date proxies newly proposed Phase 3F,APPROVED_SYNTHETIC_PV_RULE
CL0224,P09,P09-A4,P09-WP022,P09-WP022,SOURCE_WP_SCOPE,74880,2026-05-11,2026-06-05,MON_FRI_NO_HOLIDAYS,WORKDAY_SPREAD,PER_WORKDAY,ALL_BUSINESS_DAYS,"Evenly across inclusive scheduled Monday-Friday workdays, no holidays; final cent residual on last day.",Approve this LOE/planned-work proxy and physical progress EV rule separately,WORKDAY_OR_DELIVERABLE,DEFAULT_RULE_REQUIRES_APPROVAL,User-approved synthetic cost ownership; PV rule/date proxies newly proposed Phase 3F,APPROVED_SYNTHETIC_PV_RULE
CL0225,P09,P09-A4b,P09-WP022,P09-WP022,SOURCE_WP_SCOPE,74880,2026-06-08,2026-07-17,MON_FRI_NO_HOLIDAYS,WORKDAY_SPREAD,PER_WORKDAY,ALL_BUSINESS_DAYS,"Evenly across inclusive scheduled Monday-Friday workdays, no holidays; final cent residual on last day.",Approve this LOE/planned-work proxy and physical progress EV rule separately,WORKDAY_OR_DELIVERABLE,DEFAULT_RULE_REQUIRES_APPROVAL,User-approved synthetic cost ownership; PV rule/date proxies newly proposed Phase 3F,APPROVED_SYNTHETIC_PV_RULE
CL0226,P09,P09-A4c,P09-WP022,P09-WP022,SOURCE_WP_SCOPE,74880,2026-06-08,2026-07-31,MON_FRI_NO_HOLIDAYS,WORKDAY_SPREAD,PER_WORKDAY,ALL_BUSINESS_DAYS,"Evenly across inclusive scheduled Monday-Friday workdays, no holidays; final cent residual on last day.",Approve this LOE/planned-work proxy and physical progress EV rule separately,WORKDAY_OR_DELIVERABLE,DEFAULT_RULE_REQUIRES_APPROVAL,User-approved synthetic cost ownership; PV rule/date proxies newly proposed Phase 3F,APPROVED_SYNTHETIC_PV_RULE
CL0227,P09,P09-A19,P09-WP022,P09-WP022,SOURCE_WP_SCOPE,149760,2026-12-24,2026-12-30,MON_FRI_NO_HOLIDAYS,FINAL_GATE,100,2026-12-30,100% at activity finish as synthetic scheduled acceptance proxy; later EV requires independent deliverable evidence.,Task-specific approved acceptance deliverable,WEIGHTED_DELIVERABLE,ACCEPTANCE_EVIDENCE_UNSPECIFIED,User-approved synthetic cost ownership; PV rule/date proxies newly proposed Phase 3F,APPROVED_SYNTHETIC_PV_RULE
CL0228,P09,P09-A5,P09-WP031,P09-WP031,SOURCE_WP_SCOPE,72800,2026-05-25,2026-06-12,MON_FRI_NO_HOLIDAYS,WORKDAY_SPREAD,PER_WORKDAY,ALL_BUSINESS_DAYS,"Evenly across inclusive scheduled Monday-Friday workdays, no holidays; final cent residual on last day.",Approve this LOE/planned-work proxy and physical progress EV rule separately,WORKDAY_OR_DELIVERABLE,DEFAULT_RULE_REQUIRES_APPROVAL,User-approved synthetic cost ownership; PV rule/date proxies newly proposed Phase 3F,APPROVED_SYNTHETIC_PV_RULE
CL0229,P09,P09-A5b,P09-WP031,P09-WP031,SOURCE_WP_SCOPE,72800,2026-06-15,2026-07-03,MON_FRI_NO_HOLIDAYS,WORKDAY_SPREAD,PER_WORKDAY,ALL_BUSINESS_DAYS,"Evenly across inclusive scheduled Monday-Friday workdays, no holidays; final cent residual on last day.",Approve this LOE/planned-work proxy and physical progress EV rule separately,WORKDAY_OR_DELIVERABLE,DEFAULT_RULE_REQUIRES_APPROVAL,User-approved synthetic cost ownership; PV rule/date proxies newly proposed Phase 3F,APPROVED_SYNTHETIC_PV_RULE
CL0230,P09,P09-A10,P09-WP031,P09-WP031,SOURCE_WP_SCOPE,72800,2026-08-03,2026-08-21,MON_FRI_NO_HOLIDAYS,PROCUREMENT_20_30_30_20,20|30|30|20,2026-08-05|2026-08-12|2026-08-18|2026-08-21,"Synthetic 20/30/30/20 stage weights at 20%, 50%, 80%, 100% of inclusive scheduled workdays; stage labels approval, fabrication, inspection, acceptance are proxies requiring substitution if inconsistent with activity scope.",Four distinct dated stage/acceptance records (provisional schedule-relative proxies),WORKDAY_OR_DELIVERABLE,WEIGHTS_AND_EVENT_DATES_UNSPECIFIED,User-approved synthetic cost ownership; PV rule/date proxies newly proposed Phase 3F,APPROVED_SYNTHETIC_PV_RULE
CL0231,P09,P09-A5c,P09-WP032,P09-WP032,SOURCE_WP_SCOPE,202800,2026-07-06,2026-07-17,MON_FRI_NO_HOLIDAYS,WORKDAY_SPREAD,PER_WORKDAY,ALL_BUSINESS_DAYS,"Evenly across inclusive scheduled Monday-Friday workdays, no holidays; final cent residual on last day.",Approve this LOE/planned-work proxy and physical progress EV rule separately,WORKDAY_OR_DELIVERABLE,DEFAULT_RULE_REQUIRES_APPROVAL,User-approved synthetic cost ownership; PV rule/date proxies newly proposed Phase 3F,APPROVED_SYNTHETIC_PV_RULE
CL0232,P09,P09-A6,P09-WP032,P09-WP032,SOURCE_WP_SCOPE,202800,2026-08-03,2026-08-28,MON_FRI_NO_HOLIDAYS,WORKDAY_SPREAD,PER_WORKDAY,ALL_BUSINESS_DAYS,"Evenly across inclusive scheduled Monday-Friday workdays, no holidays; final cent residual on last day.",Approve this LOE/planned-work proxy and physical progress EV rule separately,WORKDAY_OR_DELIVERABLE,DEFAULT_RULE_REQUIRES_APPROVAL,User-approved synthetic cost ownership; PV rule/date proxies newly proposed Phase 3F,APPROVED_SYNTHETIC_PV_RULE
CL0233,P09,P09-A7,P09-WP041,P09-WP041,SOURCE_WP_SCOPE,304869,2026-08-03,2026-08-21,MON_FRI_NO_HOLIDAYS,WORKDAY_SPREAD,PER_WORKDAY,ALL_BUSINESS_DAYS,"Evenly across inclusive scheduled Monday-Friday workdays, no holidays; final cent residual on last day.",Approve this LOE/planned-work proxy and physical progress EV rule separately,WORKDAY_OR_DELIVERABLE,DEFAULT_RULE_REQUIRES_APPROVAL,User-approved synthetic cost ownership; PV rule/date proxies newly proposed Phase 3F,APPROVED_SYNTHETIC_PV_RULE
CL0234,P09,P09-A8,P09-WP041,P09-WP041,SOURCE_WP_SCOPE,304869,2026-08-03,2026-08-21,MON_FRI_NO_HOLIDAYS,WORKDAY_SPREAD,PER_WORKDAY,ALL_BUSINESS_DAYS,"Evenly across inclusive scheduled Monday-Friday workdays, no holidays; final cent residual on last day.",Approve this LOE/planned-work proxy and physical progress EV rule separately,WORKDAY_OR_DELIVERABLE,DEFAULT_RULE_REQUIRES_APPROVAL,User-approved synthetic cost ownership; PV rule/date proxies newly proposed Phase 3F,APPROVED_SYNTHETIC_PV_RULE
CL0235,P09,P09-A9,P09-WP041,P09-WP041,SOURCE_WP_SCOPE,304869,2026-08-24,2026-09-04,MON_FRI_NO_HOLIDAYS,WORKDAY_FALLBACK,PER_WORKDAY,ALL_BUSINESS_DAYS,Even workday spread pending planned installation quantities; do not describe workday progression as measured physical quantity.,Approved workday fallback or quantity schedule,WORKDAY_OR_DELIVERABLE,DEFAULT_RULE_REQUIRES_APPROVAL,User-approved synthetic cost ownership; PV rule/date proxies newly proposed Phase 3F,APPROVED_SYNTHETIC_PV_RULE
CL0236,P09,P09-A13,P09-WP041,P09-WP041,SOURCE_WP_SCOPE,304869,2026-08-31,2026-09-11,MON_FRI_NO_HOLIDAYS,WORKDAY_FALLBACK,PER_WORKDAY,ALL_BUSINESS_DAYS,Even workday spread pending planned installation quantities; do not describe workday progression as measured physical quantity.,Approved workday fallback or quantity schedule,WORKDAY_OR_DELIVERABLE,QUANTITY_PROFILE_OR_FALLBACK_UNSPECIFIED,User-approved synthetic cost ownership; PV rule/date proxies newly proposed Phase 3F,APPROVED_SYNTHETIC_PV_RULE
CL0237,P09,P09-A14,P09-WP041,P09-WP041,SOURCE_WP_SCOPE,304869,2026-09-14,2026-10-09,MON_FRI_NO_HOLIDAYS,WORKDAY_SPREAD,PER_WORKDAY,ALL_BUSINESS_DAYS,"Evenly across inclusive scheduled Monday-Friday workdays, no holidays; final cent residual on last day.",Approve this LOE/planned-work proxy and physical progress EV rule separately,WORKDAY_OR_DELIVERABLE,DEFAULT_RULE_REQUIRES_APPROVAL,User-approved synthetic cost ownership; PV rule/date proxies newly proposed Phase 3F,APPROVED_SYNTHETIC_PV_RULE
CL0238,P09,P09-A12,P09-WP041,P09-WP041,SOURCE_WP_SCOPE,1219474,2026-10-26,2026-11-04,MON_FRI_NO_HOLIDAYS,PROCUREMENT_20_30_30_20,20|30|30|20,2026-10-27|2026-10-29|2026-11-03|2026-11-04,"Synthetic 20/30/30/20 stage weights at 20%, 50%, 80%, 100% of inclusive scheduled workdays; stage labels approval, fabrication, inspection, acceptance are proxies requiring substitution if inconsistent with activity scope.",Four distinct dated stage/acceptance records (provisional schedule-relative proxies),WEIGHTED_DELIVERABLE,WEIGHTS_AND_EVENT_DATES_UNSPECIFIED,User-approved synthetic cost ownership; PV rule/date proxies newly proposed Phase 3F,APPROVED_SYNTHETIC_PV_RULE
CL0239,P09,P09-A15,P09-WP041,P09-WP041,SOURCE_WP_SCOPE,304868,2026-11-05,2026-11-25,MON_FRI_NO_HOLIDAYS,WORKDAY_SPREAD,PER_WORKDAY,ALL_BUSINESS_DAYS,"Evenly across inclusive scheduled Monday-Friday workdays, no holidays; final cent residual on last day.",Approve this LOE/planned-work proxy and physical progress EV rule separately,WORKDAY_OR_DELIVERABLE,DEFAULT_RULE_REQUIRES_APPROVAL,User-approved synthetic cost ownership; PV rule/date proxies newly proposed Phase 3F,APPROVED_SYNTHETIC_PV_RULE
CL0240,P09,P09-A16,P09-WP041,P09-WP041,SOURCE_WP_SCOPE,304868,2026-11-26,2026-12-09,MON_FRI_NO_HOLIDAYS,WORKDAY_SPREAD,PER_WORKDAY,ALL_BUSINESS_DAYS,"Evenly across inclusive scheduled Monday-Friday workdays, no holidays; final cent residual on last day.",Approve this LOE/planned-work proxy and physical progress EV rule separately,WORKDAY_OR_DELIVERABLE,DEFAULT_RULE_REQUIRES_APPROVAL,User-approved synthetic cost ownership; PV rule/date proxies newly proposed Phase 3F,APPROVED_SYNTHETIC_PV_RULE
CL0241,P09,P09-A17,P09-WP041,P09-WP041,SOURCE_WP_SCOPE,304868,2026-11-26,2026-12-09,MON_FRI_NO_HOLIDAYS,WORKDAY_SPREAD,PER_WORKDAY,ALL_BUSINESS_DAYS,"Evenly across inclusive scheduled Monday-Friday workdays, no holidays; final cent residual on last day.",Approve this LOE/planned-work proxy and physical progress EV rule separately,WORKDAY_OR_DELIVERABLE,DEFAULT_RULE_REQUIRES_APPROVAL,User-approved synthetic cost ownership; PV rule/date proxies newly proposed Phase 3F,APPROVED_SYNTHETIC_PV_RULE
CL0242,P09,P09-A21,P09-WP041,P09-WP041,SOURCE_WP_SCOPE,609737,2027-01-21,2027-02-03,MON_FRI_NO_HOLIDAYS,FINAL_GATE,100,2027-02-03,100% at activity finish as synthetic scheduled acceptance proxy; later EV requires independent deliverable evidence.,Task-specific approved acceptance deliverable,WEIGHTED_DELIVERABLE,ACCEPTANCE_EVIDENCE_UNSPECIFIED,User-approved synthetic cost ownership; PV rule/date proxies newly proposed Phase 3F,APPROVED_SYNTHETIC_PV_RULE
CL0243,P09,P09-A11,P09-WP042,P09-WP042,SOURCE_WP_SCOPE,898560,2026-08-24,2026-10-23,MON_FRI_NO_HOLIDAYS,PROCUREMENT_20_30_30_20,20|30|30|20,2026-09-03|2026-09-23|2026-10-12|2026-10-23,"Synthetic 20/30/30/20 stage weights at 20%, 50%, 80%, 100% of inclusive scheduled workdays; stage labels approval, fabrication, inspection, acceptance are proxies requiring substitution if inconsistent with activity scope.",Four distinct dated stage/acceptance records (provisional schedule-relative proxies),WEIGHTED_DELIVERABLE,WEIGHTS_AND_EVENT_DATES_UNSPECIFIED,User-approved synthetic cost ownership; PV rule/date proxies newly proposed Phase 3F,APPROVED_SYNTHETIC_PV_RULE
CL0244,P09,P09-A20,P09-WP043,P09-WP043,SOURCE_WP_SCOPE,449280,2026-12-31,2027-01-20,MON_FRI_NO_HOLIDAYS,WORKDAY_FALLBACK,PER_WORKDAY,ALL_BUSINESS_DAYS,Even workday spread pending planned installation quantities; do not describe workday progression as measured physical quantity.,Approved workday fallback or quantity schedule,QUANTITY_OR_WEIGHTED,QUANTITY_PROFILE_OR_FALLBACK_UNSPECIFIED,User-approved synthetic cost ownership; PV rule/date proxies newly proposed Phase 3F,APPROVED_SYNTHETIC_PV_RULE
CL0245,P09,P09-A18,P09-WP051,P09-WP051,SOURCE_WP_SCOPE,468000,2026-12-17,2026-12-23,MON_FRI_NO_HOLIDAYS,FINAL_GATE,100,2026-12-23,100% at activity finish as synthetic scheduled acceptance proxy; later EV requires independent deliverable evidence.,Task-specific approved acceptance deliverable,WEIGHTED_DELIVERABLE,ACCEPTANCE_EVIDENCE_UNSPECIFIED,User-approved synthetic cost ownership; PV rule/date proxies newly proposed Phase 3F,APPROVED_SYNTHETIC_PV_RULE
CL0246,P09,P09-A22,P09-WP061,P09-WP061,SOURCE_WP_SCOPE,152100,2027-02-04,2027-02-17,MON_FRI_NO_HOLIDAYS,FINAL_GATE,100,2027-02-17,100% at activity finish as synthetic scheduled acceptance proxy; later EV requires independent deliverable evidence.,Task-specific approved acceptance deliverable,WORKDAY_OR_DELIVERABLE,ACCEPTANCE_EVIDENCE_UNSPECIFIED,User-approved synthetic cost ownership; PV rule/date proxies newly proposed Phase 3F,APPROVED_SYNTHETIC_PV_RULE
CL0247,P09,P09-A23,P09-WP062,P09-WP062,SOURCE_WP_SCOPE,81900,2027-02-11,2027-03-03,MON_FRI_NO_HOLIDAYS,FINAL_GATE,100,2027-03-03,100% at activity finish as synthetic scheduled acceptance proxy; later EV requires independent deliverable evidence.,Task-specific approved acceptance deliverable,WORKDAY_OR_DELIVERABLE,ACCEPTANCE_EVIDENCE_UNSPECIFIED,User-approved synthetic cost ownership; PV rule/date proxies newly proposed Phase 3F,APPROVED_SYNTHETIC_PV_RULE
CL0248,P10,P10-A1,P10-WP011,P10-WP011,SOURCE_WP_SCOPE,66600,2026-04-01,2026-04-21,MON_FRI_NO_HOLIDAYS,WORKDAY_SPREAD,PER_WORKDAY,ALL_BUSINESS_DAYS,"Evenly across inclusive scheduled Monday-Friday workdays, no holidays; final cent residual on last day.",Approve this LOE/planned-work proxy and physical progress EV rule separately,WORKDAY_OR_DELIVERABLE,DEFAULT_RULE_REQUIRES_APPROVAL,User-approved synthetic cost ownership; PV rule/date proxies newly proposed Phase 3F,APPROVED_SYNTHETIC_PV_RULE
CL0249,P10,P10-A4,P10-WP021,P10-WP021,SOURCE_WP_SCOPE,266400,2026-05-27,2026-06-23,MON_FRI_NO_HOLIDAYS,WORKDAY_SPREAD,PER_WORKDAY,ALL_BUSINESS_DAYS,"Evenly across inclusive scheduled Monday-Friday workdays, no holidays; final cent residual on last day.",Approve this LOE/planned-work proxy and physical progress EV rule separately,WORKDAY_OR_DELIVERABLE,DEFAULT_RULE_REQUIRES_APPROVAL,User-approved synthetic cost ownership; PV rule/date proxies newly proposed Phase 3F,APPROVED_SYNTHETIC_PV_RULE
CL0250,P10,P10-A3,P10-WP022,P10-WP022,SOURCE_WP_SCOPE,99900,2026-05-06,2026-05-26,MON_FRI_NO_HOLIDAYS,WORKDAY_SPREAD,PER_WORKDAY,ALL_BUSINESS_DAYS,"Evenly across inclusive scheduled Monday-Friday workdays, no holidays; final cent residual on last day.",Approve this LOE/planned-work proxy and physical progress EV rule separately,WORKDAY_OR_DELIVERABLE,DEFAULT_RULE_REQUIRES_APPROVAL,User-approved synthetic cost ownership; PV rule/date proxies newly proposed Phase 3F,APPROVED_SYNTHETIC_PV_RULE
CL0251,P10,P10-A5,P10-WP022,P10-WP022,SOURCE_WP_SCOPE,99900,2026-06-10,2026-06-30,MON_FRI_NO_HOLIDAYS,WORKDAY_SPREAD,PER_WORKDAY,ALL_BUSINESS_DAYS,"Evenly across inclusive scheduled Monday-Friday workdays, no holidays; final cent residual on last day.",Approve this LOE/planned-work proxy and physical progress EV rule separately,WORKDAY_OR_DELIVERABLE,DEFAULT_RULE_REQUIRES_APPROVAL,User-approved synthetic cost ownership; PV rule/date proxies newly proposed Phase 3F,APPROVED_SYNTHETIC_PV_RULE
CL0252,P10,P10-A6b,P10-WP022,P10-WP022,SOURCE_WP_SCOPE,99900,2026-06-10,2026-06-30,MON_FRI_NO_HOLIDAYS,WORKDAY_SPREAD,PER_WORKDAY,ALL_BUSINESS_DAYS,"Evenly across inclusive scheduled Monday-Friday workdays, no holidays; final cent residual on last day.",Approve this LOE/planned-work proxy and physical progress EV rule separately,WORKDAY_OR_DELIVERABLE,DEFAULT_RULE_REQUIRES_APPROVAL,User-approved synthetic cost ownership; PV rule/date proxies newly proposed Phase 3F,APPROVED_SYNTHETIC_PV_RULE
CL0253,P10,P10-A6,P10-WP022,P10-WP022,SOURCE_WP_SCOPE,99900,2026-06-24,2026-07-21,MON_FRI_NO_HOLIDAYS,WORKDAY_SPREAD,PER_WORKDAY,ALL_BUSINESS_DAYS,"Evenly across inclusive scheduled Monday-Friday workdays, no holidays; final cent residual on last day.",Approve this LOE/planned-work proxy and physical progress EV rule separately,WORKDAY_OR_DELIVERABLE,DEFAULT_RULE_REQUIRES_APPROVAL,User-approved synthetic cost ownership; PV rule/date proxies newly proposed Phase 3F,APPROVED_SYNTHETIC_PV_RULE
CL0254,P10,P10-A7,P10-WP031,P10-WP031,SOURCE_WP_SCOPE,60434,2026-07-08,2026-07-28,MON_FRI_NO_HOLIDAYS,WORKDAY_SPREAD,PER_WORKDAY,ALL_BUSINESS_DAYS,"Evenly across inclusive scheduled Monday-Friday workdays, no holidays; final cent residual on last day.",Approve this LOE/planned-work proxy and physical progress EV rule separately,WORKDAY_OR_DELIVERABLE,DEFAULT_RULE_REQUIRES_APPROVAL,User-approved synthetic cost ownership; PV rule/date proxies newly proposed Phase 3F,APPROVED_SYNTHETIC_PV_RULE
CL0255,P10,P10-A7b,P10-WP031,P10-WP031,SOURCE_WP_SCOPE,60433,2026-07-29,2026-08-11,MON_FRI_NO_HOLIDAYS,WORKDAY_SPREAD,PER_WORKDAY,ALL_BUSINESS_DAYS,"Evenly across inclusive scheduled Monday-Friday workdays, no holidays; final cent residual on last day.",Approve this LOE/planned-work proxy and physical progress EV rule separately,WORKDAY_OR_DELIVERABLE,DEFAULT_RULE_REQUIRES_APPROVAL,User-approved synthetic cost ownership; PV rule/date proxies newly proposed Phase 3F,APPROVED_SYNTHETIC_PV_RULE
CL0256,P10,P10-A9,P10-WP031,P10-WP031,SOURCE_WP_SCOPE,60433,2026-08-26,2026-09-15,MON_FRI_NO_HOLIDAYS,PROCUREMENT_20_30_30_20,20|30|30|20,2026-08-28|2026-09-04|2026-09-10|2026-09-15,"Synthetic 20/30/30/20 stage weights at 20%, 50%, 80%, 100% of inclusive scheduled workdays; stage labels approval, fabrication, inspection, acceptance are proxies requiring substitution if inconsistent with activity scope.",Four distinct dated stage/acceptance records (provisional schedule-relative proxies),WORKDAY_OR_DELIVERABLE,WEIGHTS_AND_EVENT_DATES_UNSPECIFIED,User-approved synthetic cost ownership; PV rule/date proxies newly proposed Phase 3F,APPROVED_SYNTHETIC_PV_RULE
CL0257,P10,P10-A7c,P10-WP032,P10-WP032,SOURCE_WP_SCOPE,168350,2026-08-12,2026-08-25,MON_FRI_NO_HOLIDAYS,WORKDAY_SPREAD,PER_WORKDAY,ALL_BUSINESS_DAYS,"Evenly across inclusive scheduled Monday-Friday workdays, no holidays; final cent residual on last day.",Approve this LOE/planned-work proxy and physical progress EV rule separately,WORKDAY_OR_DELIVERABLE,DEFAULT_RULE_REQUIRES_APPROVAL,User-approved synthetic cost ownership; PV rule/date proxies newly proposed Phase 3F,APPROVED_SYNTHETIC_PV_RULE
CL0258,P10,P10-A8,P10-WP032,P10-WP032,SOURCE_WP_SCOPE,168350,2026-08-26,2026-09-08,MON_FRI_NO_HOLIDAYS,WORKDAY_SPREAD,PER_WORKDAY,ALL_BUSINESS_DAYS,"Evenly across inclusive scheduled Monday-Friday workdays, no holidays; final cent residual on last day.",Approve this LOE/planned-work proxy and physical progress EV rule separately,WORKDAY_OR_DELIVERABLE,DEFAULT_RULE_REQUIRES_APPROVAL,User-approved synthetic cost ownership; PV rule/date proxies newly proposed Phase 3F,APPROVED_SYNTHETIC_PV_RULE
CL0259,P10,P10-IF-01,P10-WP041,P10-WP041,SOURCE_WP_SCOPE,143745,2026-07-22,2026-08-04,MON_FRI_NO_HOLIDAYS,WORKDAY_SPREAD,PER_WORKDAY,ALL_BUSINESS_DAYS,"Evenly across inclusive scheduled Monday-Friday workdays, no holidays; final cent residual on last day.",Approve this LOE/planned-work proxy and physical progress EV rule separately,WORKDAY_OR_DELIVERABLE,DEFAULT_RULE_REQUIRES_APPROVAL,User-approved synthetic cost ownership; PV rule/date proxies newly proposed Phase 3F,APPROVED_SYNTHETIC_PV_RULE
CL0260,P10,P10-A14,P10-WP041,P10-WP041,SOURCE_WP_SCOPE,431235,2026-08-26,2026-10-06,MON_FRI_NO_HOLIDAYS,WORKDAY_FALLBACK,PER_WORKDAY,ALL_BUSINESS_DAYS,Even workday spread pending planned installation quantities; do not describe workday progression as measured physical quantity.,Approved workday fallback or quantity schedule,QUANTITY_OR_WEIGHTED,DEFAULT_RULE_REQUIRES_APPROVAL,User-approved synthetic cost ownership; PV rule/date proxies newly proposed Phase 3F,APPROVED_SYNTHETIC_PV_RULE
CL0261,P10,P10-A11,P10-WP042,P10-WP042,SOURCE_WP_SCOPE,293040,2026-08-26,2026-09-15,MON_FRI_NO_HOLIDAYS,PROCUREMENT_20_30_30_20,20|30|30|20,2026-08-28|2026-09-04|2026-09-10|2026-09-15,"Synthetic 20/30/30/20 stage weights at 20%, 50%, 80%, 100% of inclusive scheduled workdays; stage labels approval, fabrication, inspection, acceptance are proxies requiring substitution if inconsistent with activity scope.",Four distinct dated stage/acceptance records (provisional schedule-relative proxies),WEIGHTED_DELIVERABLE,WEIGHTS_AND_EVENT_DATES_UNSPECIFIED,User-approved synthetic cost ownership; PV rule/date proxies newly proposed Phase 3F,APPROVED_SYNTHETIC_PV_RULE
CL0262,P10,P10-A15,P10-WP042,P10-WP042,SOURCE_WP_SCOPE,219780,2026-08-26,2026-09-29,MON_FRI_NO_HOLIDAYS,WORKDAY_FALLBACK,PER_WORKDAY,ALL_BUSINESS_DAYS,Even workday spread pending planned installation quantities; do not describe workday progression as measured physical quantity.,Approved workday fallback or quantity schedule,QUANTITY_OR_WEIGHTED,DEFAULT_RULE_REQUIRES_APPROVAL,User-approved synthetic cost ownership; PV rule/date proxies newly proposed Phase 3F,APPROVED_SYNTHETIC_PV_RULE
CL0263,P10,P10-A10,P10-WP043,P10-WP043,SOURCE_WP_SCOPE,124320,2026-09-16,2026-10-27,MON_FRI_NO_HOLIDAYS,PROCUREMENT_20_30_30_20,20|30|30|20,2026-09-23|2026-10-06|2026-10-19|2026-10-27,"Synthetic 20/30/30/20 stage weights at 20%, 50%, 80%, 100% of inclusive scheduled workdays; stage labels approval, fabrication, inspection, acceptance are proxies requiring substitution if inconsistent with activity scope.",Four distinct dated stage/acceptance records (provisional schedule-relative proxies),WEIGHTED_DELIVERABLE,WEIGHTS_AND_EVENT_DATES_UNSPECIFIED,User-approved synthetic cost ownership; PV rule/date proxies newly proposed Phase 3F,APPROVED_SYNTHETIC_PV_RULE
CL0264,P10,P10-A12,P10-WP043,P10-WP043,SOURCE_WP_SCOPE,124320,2026-10-28,2026-12-01,MON_FRI_NO_HOLIDAYS,PROCUREMENT_20_30_30_20,20|30|30|20,2026-11-03|2026-11-13|2026-11-24|2026-12-01,"Synthetic 20/30/30/20 stage weights at 20%, 50%, 80%, 100% of inclusive scheduled workdays; stage labels approval, fabrication, inspection, acceptance are proxies requiring substitution if inconsistent with activity scope.",Four distinct dated stage/acceptance records (provisional schedule-relative proxies),WEIGHTED_DELIVERABLE,WEIGHTS_AND_EVENT_DATES_UNSPECIFIED,User-approved synthetic cost ownership; PV rule/date proxies newly proposed Phase 3F,APPROVED_SYNTHETIC_PV_RULE
CL0265,P10,P10-A16,P10-WP043,P10-WP043,SOURCE_WP_SCOPE,124320,2026-12-23,2027-01-01,MON_FRI_NO_HOLIDAYS,PROCUREMENT_20_30_30_20,20|30|30|20,2026-12-24|2026-12-28|2026-12-31|2027-01-01,"Synthetic 20/30/30/20 stage weights at 20%, 50%, 80%, 100% of inclusive scheduled workdays; stage labels approval, fabrication, inspection, acceptance are proxies requiring substitution if inconsistent with activity scope.",Four distinct dated stage/acceptance records (provisional schedule-relative proxies),WEIGHTED_DELIVERABLE,WEIGHTS_AND_EVENT_DATES_UNSPECIFIED,User-approved synthetic cost ownership; PV rule/date proxies newly proposed Phase 3F,APPROVED_SYNTHETIC_PV_RULE
CL0266,P10,P10-A17,P10-WP043,P10-WP043,SOURCE_WP_SCOPE,93240,2027-01-04,2027-02-05,MON_FRI_NO_HOLIDAYS,WORKDAY_FALLBACK,PER_WORKDAY,ALL_BUSINESS_DAYS,Even workday spread pending planned installation quantities; do not describe workday progression as measured physical quantity.,Approved workday fallback or quantity schedule,QUANTITY_OR_WEIGHTED,QUANTITY_PROFILE_OR_FALLBACK_UNSPECIFIED,User-approved synthetic cost ownership; PV rule/date proxies newly proposed Phase 3F,APPROVED_SYNTHETIC_PV_RULE
CL0267,P10,P10-A13,P10-WP051,P10-WP051,SOURCE_WP_SCOPE,41353,2026-12-02,2026-12-22,MON_FRI_NO_HOLIDAYS,FINAL_GATE,100,2026-12-22,100% at activity finish as synthetic scheduled acceptance proxy; later EV requires independent deliverable evidence.,Task-specific approved acceptance deliverable,WORKDAY_OR_DELIVERABLE,ACCEPTANCE_EVIDENCE_UNSPECIFIED,User-approved synthetic cost ownership; PV rule/date proxies newly proposed Phase 3F,APPROVED_SYNTHETIC_PV_RULE
CL0268,P10,P10-A18,P10-WP051,P10-WP051,SOURCE_WP_SCOPE,82706,2027-02-08,2027-02-26,MON_FRI_NO_HOLIDAYS,FINAL_GATE,100,2027-02-26,100% at activity finish as synthetic scheduled acceptance proxy; later EV requires independent deliverable evidence.,Task-specific approved acceptance deliverable,WEIGHTED_DELIVERABLE,ACCEPTANCE_EVIDENCE_UNSPECIFIED,User-approved synthetic cost ownership; PV rule/date proxies newly proposed Phase 3F,APPROVED_SYNTHETIC_PV_RULE
CL0269,P10,P10-A19,P10-WP051,P10-WP051,SOURCE_WP_SCOPE,82706,2027-03-01,2027-03-12,MON_FRI_NO_HOLIDAYS,FINAL_GATE,100,2027-03-12,100% at activity finish as synthetic scheduled acceptance proxy; later EV requires independent deliverable evidence.,Task-specific approved acceptance deliverable,WEIGHTED_DELIVERABLE,ACCEPTANCE_EVIDENCE_UNSPECIFIED,User-approved synthetic cost ownership; PV rule/date proxies newly proposed Phase 3F,APPROVED_SYNTHETIC_PV_RULE
CL0270,P10,P10-A20,P10-WP051,P10-WP051,SOURCE_WP_SCOPE,41353,2027-03-15,2027-04-02,MON_FRI_NO_HOLIDAYS,WORKDAY_SPREAD,PER_WORKDAY,ALL_BUSINESS_DAYS,"Evenly across inclusive scheduled Monday-Friday workdays, no holidays; final cent residual on last day.",Approve this LOE/planned-work proxy and physical progress EV rule separately,WORKDAY_OR_DELIVERABLE,DEFAULT_RULE_REQUIRES_APPROVAL,User-approved synthetic cost ownership; PV rule/date proxies newly proposed Phase 3F,APPROVED_SYNTHETIC_PV_RULE
CL0271,P10,P10-A21,P10-WP051,P10-WP051,SOURCE_WP_SCOPE,82706,2027-04-05,2027-04-23,MON_FRI_NO_HOLIDAYS,FINAL_GATE,100,2027-04-23,100% at activity finish as synthetic scheduled acceptance proxy; later EV requires independent deliverable evidence.,Task-specific approved acceptance deliverable,WEIGHTED_DELIVERABLE,ACCEPTANCE_EVIDENCE_UNSPECIFIED,User-approved synthetic cost ownership; PV rule/date proxies newly proposed Phase 3F,APPROVED_SYNTHETIC_PV_RULE
CL0272,P10,P10-A22,P10-WP051,P10-WP051,SOURCE_WP_SCOPE,41353,2027-04-26,2027-05-07,MON_FRI_NO_HOLIDAYS,WORKDAY_SPREAD,PER_WORKDAY,ALL_BUSINESS_DAYS,"Evenly across inclusive scheduled Monday-Friday workdays, no holidays; final cent residual on last day.",Approve this LOE/planned-work proxy and physical progress EV rule separately,WORKDAY_OR_DELIVERABLE,DEFAULT_RULE_REQUIRES_APPROVAL,User-approved synthetic cost ownership; PV rule/date proxies newly proposed Phase 3F,APPROVED_SYNTHETIC_PV_RULE
CL0273,P10,P10-A23,P10-WP051,P10-WP051,SOURCE_WP_SCOPE,82706,2027-04-26,2027-05-07,MON_FRI_NO_HOLIDAYS,FINAL_GATE,100,2027-05-07,100% at activity finish as synthetic scheduled acceptance proxy; later EV requires independent deliverable evidence.,Task-specific approved acceptance deliverable,WEIGHTED_DELIVERABLE,DEFAULT_RULE_REQUIRES_APPROVAL,User-approved synthetic cost ownership; PV rule/date proxies newly proposed Phase 3F,APPROVED_SYNTHETIC_PV_RULE
CL0274,P10,P10-A24,P10-WP051,P10-WP051,SOURCE_WP_SCOPE,82706,2027-05-10,2027-05-28,MON_FRI_NO_HOLIDAYS,FINAL_GATE,100,2027-05-28,100% at activity finish as synthetic scheduled acceptance proxy; later EV requires independent deliverable evidence.,Task-specific approved acceptance deliverable,WEIGHTED_DELIVERABLE,DEFAULT_RULE_REQUIRES_APPROVAL,User-approved synthetic cost ownership; PV rule/date proxies newly proposed Phase 3F,APPROVED_SYNTHETIC_PV_RULE
CL0275,P10,P10-A25,P10-WP051,P10-WP051,SOURCE_WP_SCOPE,82706,2027-05-31,2027-06-18,MON_FRI_NO_HOLIDAYS,FINAL_GATE,100,2027-06-18,100% at activity finish as synthetic scheduled acceptance proxy; later EV requires independent deliverable evidence.,Task-specific approved acceptance deliverable,WEIGHTED_DELIVERABLE,DEFAULT_RULE_REQUIRES_APPROVAL,User-approved synthetic cost ownership; PV rule/date proxies newly proposed Phase 3F,APPROVED_SYNTHETIC_PV_RULE
CL0276,P10,P10-A27,P10-WP051,P10-WP051,SOURCE_WP_SCOPE,82705,2027-06-21,2027-07-02,MON_FRI_NO_HOLIDAYS,FINAL_GATE,100,2027-07-02,100% at activity finish as synthetic scheduled acceptance proxy; later EV requires independent deliverable evidence.,Task-specific approved acceptance deliverable,WEIGHTED_DELIVERABLE,ACCEPTANCE_EVIDENCE_UNSPECIFIED,User-approved synthetic cost ownership; PV rule/date proxies newly proposed Phase 3F,APPROVED_SYNTHETIC_PV_RULE
CL0277,P10,P10-A26,P10-WP061,P10-WP061,SOURCE_WP_SCOPE,77700,2027-06-21,2027-07-09,MON_FRI_NO_HOLIDAYS,FINAL_GATE,100,2027-07-09,100% at activity finish as synthetic scheduled acceptance proxy; later EV requires independent deliverable evidence.,Task-specific approved acceptance deliverable,WORKDAY_OR_DELIVERABLE,ACCEPTANCE_EVIDENCE_UNSPECIFIED,User-approved synthetic cost ownership; PV rule/date proxies newly proposed Phase 3F,APPROVED_SYNTHETIC_PV_RULE
CL0278,P10,P10-A28,P10-WP062,P10-WP062,SOURCE_WP_SCOPE,33300,2027-07-19,2027-08-06,MON_FRI_NO_HOLIDAYS,FINAL_GATE,100,2027-08-06,100% at activity finish as synthetic scheduled acceptance proxy; later EV requires independent deliverable evidence.,Task-specific approved acceptance deliverable,WORKDAY_OR_DELIVERABLE,ACCEPTANCE_EVIDENCE_UNSPECIFIED,User-approved synthetic cost ownership; PV rule/date proxies newly proposed Phase 3F,APPROVED_SYNTHETIC_PV_RULE
CL0279,P11,P11-A1,P11-WP011,P11-WP011,SOURCE_WP_SCOPE,76800,2025-04-01,2025-04-21,MON_FRI_NO_HOLIDAYS,WORKDAY_SPREAD,PER_WORKDAY,ALL_BUSINESS_DAYS,"Evenly across inclusive scheduled Monday-Friday workdays, no holidays; final cent residual on last day.",Approve this LOE/planned-work proxy and physical progress EV rule separately,WORKDAY_OR_DELIVERABLE,DEFAULT_RULE_REQUIRES_APPROVAL,User-approved synthetic cost ownership; PV rule/date proxies newly proposed Phase 3F,APPROVED_SYNTHETIC_PV_RULE
CL0280,P11,P11-A2,P11-WP012,P11-WP012,SOURCE_WP_SCOPE,51200,2025-04-22,2025-05-05,MON_FRI_NO_HOLIDAYS,WORKDAY_SPREAD,PER_WORKDAY,ALL_BUSINESS_DAYS,"Evenly across inclusive scheduled Monday-Friday workdays, no holidays; final cent residual on last day.",Approve this LOE/planned-work proxy and physical progress EV rule separately,WORKDAY_OR_DELIVERABLE,DEFAULT_RULE_REQUIRES_APPROVAL,User-approved synthetic cost ownership; PV rule/date proxies newly proposed Phase 3F,APPROVED_SYNTHETIC_PV_RULE
CL0281,P11,P11-A3,P11-WP021,P11-WP021,SOURCE_WP_SCOPE,57600,2025-05-06,2025-05-26,MON_FRI_NO_HOLIDAYS,WORKDAY_SPREAD,PER_WORKDAY,ALL_BUSINESS_DAYS,"Evenly across inclusive scheduled Monday-Friday workdays, no holidays; final cent residual on last day.",Approve this LOE/planned-work proxy and physical progress EV rule separately,WORKDAY_OR_DELIVERABLE,DEFAULT_RULE_REQUIRES_APPROVAL,User-approved synthetic cost ownership; PV rule/date proxies newly proposed Phase 3F,APPROVED_SYNTHETIC_PV_RULE
CL0282,P11,P11-A4,P11-WP022,P11-WP022,SOURCE_WP_SCOPE,67200,2025-06-03,2025-06-23,MON_FRI_NO_HOLIDAYS,WORKDAY_SPREAD,PER_WORKDAY,ALL_BUSINESS_DAYS,"Evenly across inclusive scheduled Monday-Friday workdays, no holidays; final cent residual on last day.",Approve this LOE/planned-work proxy and physical progress EV rule separately,WORKDAY_OR_DELIVERABLE,DEFAULT_RULE_REQUIRES_APPROVAL,User-approved synthetic cost ownership; PV rule/date proxies newly proposed Phase 3F,APPROVED_SYNTHETIC_PV_RULE
CL0283,P11,P11-A8,P11-WP022,P11-WP022,SOURCE_WP_SCOPE,67200,2025-08-12,2025-08-25,MON_FRI_NO_HOLIDAYS,WORKDAY_SPREAD,PER_WORKDAY,ALL_BUSINESS_DAYS,"Evenly across inclusive scheduled Monday-Friday workdays, no holidays; final cent residual on last day.",Approve this LOE/planned-work proxy and physical progress EV rule separately,WORKDAY_OR_DELIVERABLE,DEFAULT_RULE_REQUIRES_APPROVAL,User-approved synthetic cost ownership; PV rule/date proxies newly proposed Phase 3F,APPROVED_SYNTHETIC_PV_RULE
CL0284,P11,P11-A5,P11-WP031,P11-WP031,SOURCE_WP_SCOPE,50400,2025-06-17,2025-07-07,MON_FRI_NO_HOLIDAYS,WORKDAY_SPREAD,PER_WORKDAY,ALL_BUSINESS_DAYS,"Evenly across inclusive scheduled Monday-Friday workdays, no holidays; final cent residual on last day.",Approve this LOE/planned-work proxy and physical progress EV rule separately,WORKDAY_OR_DELIVERABLE,DEFAULT_RULE_REQUIRES_APPROVAL,User-approved synthetic cost ownership; PV rule/date proxies newly proposed Phase 3F,APPROVED_SYNTHETIC_PV_RULE
CL0285,P11,P11-A5b,P11-WP031,P11-WP031,SOURCE_WP_SCOPE,50400,2025-07-08,2025-07-21,MON_FRI_NO_HOLIDAYS,WORKDAY_SPREAD,PER_WORKDAY,ALL_BUSINESS_DAYS,"Evenly across inclusive scheduled Monday-Friday workdays, no holidays; final cent residual on last day.",Approve this LOE/planned-work proxy and physical progress EV rule separately,WORKDAY_OR_DELIVERABLE,DEFAULT_RULE_REQUIRES_APPROVAL,User-approved synthetic cost ownership; PV rule/date proxies newly proposed Phase 3F,APPROVED_SYNTHETIC_PV_RULE
CL0286,P11,P11-A5c,P11-WP032,P11-WP032,SOURCE_WP_SCOPE,93600,2025-07-22,2025-08-04,MON_FRI_NO_HOLIDAYS,WORKDAY_SPREAD,PER_WORKDAY,ALL_BUSINESS_DAYS,"Evenly across inclusive scheduled Monday-Friday workdays, no holidays; final cent residual on last day.",Approve this LOE/planned-work proxy and physical progress EV rule separately,WORKDAY_OR_DELIVERABLE,DEFAULT_RULE_REQUIRES_APPROVAL,User-approved synthetic cost ownership; PV rule/date proxies newly proposed Phase 3F,APPROVED_SYNTHETIC_PV_RULE
CL0287,P11,P11-A6,P11-WP032,P11-WP032,SOURCE_WP_SCOPE,93600,2025-08-12,2025-08-25,MON_FRI_NO_HOLIDAYS,WORKDAY_SPREAD,PER_WORKDAY,ALL_BUSINESS_DAYS,"Evenly across inclusive scheduled Monday-Friday workdays, no holidays; final cent residual on last day.",Approve this LOE/planned-work proxy and physical progress EV rule separately,WORKDAY_OR_DELIVERABLE,DEFAULT_RULE_REQUIRES_APPROVAL,User-approved synthetic cost ownership; PV rule/date proxies newly proposed Phase 3F,APPROVED_SYNTHETIC_PV_RULE
CL0288,P11,P11-A10,P11-WP041,P11-WP041,SOURCE_WP_SCOPE,95822,2025-08-12,2025-09-01,MON_FRI_NO_HOLIDAYS,WORKDAY_SPREAD,PER_WORKDAY,ALL_BUSINESS_DAYS,"Evenly across inclusive scheduled Monday-Friday workdays, no holidays; final cent residual on last day.",Approve this LOE/planned-work proxy and physical progress EV rule separately,WORKDAY_OR_DELIVERABLE,DEFAULT_RULE_REQUIRES_APPROVAL,User-approved synthetic cost ownership; PV rule/date proxies newly proposed Phase 3F,APPROVED_SYNTHETIC_PV_RULE
CL0289,P11,P11-A9,P11-WP041,P11-WP041,SOURCE_WP_SCOPE,383289,2025-08-12,2025-09-15,MON_FRI_NO_HOLIDAYS,PROCUREMENT_20_30_30_20,20|30|30|20,2025-08-18|2025-08-28|2025-09-08|2025-09-15,"Synthetic 20/30/30/20 stage weights at 20%, 50%, 80%, 100% of inclusive scheduled workdays; stage labels approval, fabrication, inspection, acceptance are proxies requiring substitution if inconsistent with activity scope.",Four distinct dated stage/acceptance records (provisional schedule-relative proxies),WEIGHTED_DELIVERABLE,WEIGHTS_AND_EVENT_DATES_UNSPECIFIED,User-approved synthetic cost ownership; PV rule/date proxies newly proposed Phase 3F,APPROVED_SYNTHETIC_PV_RULE
CL0290,P11,P11-AFIRST,P11-WP041,P11-WP041,SOURCE_WP_SCOPE,287467,2025-09-16,2025-09-17,MON_FRI_NO_HOLIDAYS,WORKDAY_FALLBACK,PER_WORKDAY,ALL_BUSINESS_DAYS,Even workday spread pending planned installation quantities; do not describe workday progression as measured physical quantity.,Approved workday fallback or quantity schedule,QUANTITY_OR_WEIGHTED,QUANTITY_PROFILE_OR_FALLBACK_UNSPECIFIED,User-approved synthetic cost ownership; PV rule/date proxies newly proposed Phase 3F,APPROVED_SYNTHETIC_PV_RULE
CL0291,P11,P11-B1inst,P11-WP041,P11-WP041,SOURCE_WP_SCOPE,479111,2025-09-16,2025-11-10,MON_FRI_NO_HOLIDAYS,WORKDAY_FALLBACK,PER_WORKDAY,ALL_BUSINESS_DAYS,Even workday spread pending planned installation quantities; do not describe workday progression as measured physical quantity.,Approved workday fallback or quantity schedule,QUANTITY_DRIVEN_PROVISIONAL,QUANTITY_PROFILE_OR_FALLBACK_UNSPECIFIED,User-approved synthetic cost ownership; PV rule/date proxies newly proposed Phase 3F,APPROVED_SYNTHETIC_PV_RULE
CL0292,P11,P11-B2inst,P11-WP041,P11-WP041,SOURCE_WP_SCOPE,479111,2025-10-21,2025-12-15,MON_FRI_NO_HOLIDAYS,WORKDAY_FALLBACK,PER_WORKDAY,ALL_BUSINESS_DAYS,Even workday spread pending planned installation quantities; do not describe workday progression as measured physical quantity.,Approved workday fallback or quantity schedule,QUANTITY_DRIVEN_PROVISIONAL,QUANTITY_PROFILE_OR_FALLBACK_UNSPECIFIED,User-approved synthetic cost ownership; PV rule/date proxies newly proposed Phase 3F,APPROVED_SYNTHETIC_PV_RULE
CL0293,P11,P11-B1rest,P11-WP043,P11-WP043,SOURCE_WP_SCOPE,168000,2025-10-14,2025-12-08,MON_FRI_NO_HOLIDAYS,WORKDAY_FALLBACK,PER_WORKDAY,ALL_BUSINESS_DAYS,Even workday spread pending planned installation quantities; do not describe workday progression as measured physical quantity.,Approved workday fallback or quantity schedule,QUANTITY_OR_WEIGHTED,QUANTITY_PROFILE_OR_FALLBACK_UNSPECIFIED,User-approved synthetic cost ownership; PV rule/date proxies newly proposed Phase 3F,APPROVED_SYNTHETIC_PV_RULE
CL0294,P11,P11-B2rest,P11-WP043,P11-WP043,SOURCE_WP_SCOPE,168000,2025-11-18,2026-01-12,MON_FRI_NO_HOLIDAYS,WORKDAY_FALLBACK,PER_WORKDAY,ALL_BUSINESS_DAYS,Even workday spread pending planned installation quantities; do not describe workday progression as measured physical quantity.,Approved workday fallback or quantity schedule,QUANTITY_OR_WEIGHTED,QUANTITY_PROFILE_OR_FALLBACK_UNSPECIFIED,User-approved synthetic cost ownership; PV rule/date proxies newly proposed Phase 3F,APPROVED_SYNTHETIC_PV_RULE
CL0295,P11,P11-A7,P11-WP051,P11-WP051,SOURCE_WP_SCOPE,64000,2025-08-12,2025-09-01,MON_FRI_NO_HOLIDAYS,FINAL_GATE,100,2025-09-01,100% at activity finish as synthetic scheduled acceptance proxy; later EV requires independent deliverable evidence.,Task-specific approved acceptance deliverable,WEIGHTED_DELIVERABLE,DEFAULT_RULE_REQUIRES_APPROVAL,User-approved synthetic cost ownership; PV rule/date proxies newly proposed Phase 3F,APPROVED_SYNTHETIC_PV_RULE
CL0296,P11,P11-B1test,P11-WP051,P11-WP051,SOURCE_WP_SCOPE,64000,2025-11-11,2025-11-24,MON_FRI_NO_HOLIDAYS,FINAL_GATE,100,2025-11-24,100% at activity finish as synthetic scheduled acceptance proxy; later EV requires independent deliverable evidence.,Task-specific approved acceptance deliverable,WEIGHTED_DELIVERABLE,ACCEPTANCE_EVIDENCE_UNSPECIFIED,User-approved synthetic cost ownership; PV rule/date proxies newly proposed Phase 3F,APPROVED_SYNTHETIC_PV_RULE
CL0297,P11,P11-B2test,P11-WP051,P11-WP051,SOURCE_WP_SCOPE,64000,2025-12-16,2025-12-29,MON_FRI_NO_HOLIDAYS,FINAL_GATE,100,2025-12-29,100% at activity finish as synthetic scheduled acceptance proxy; later EV requires independent deliverable evidence.,Task-specific approved acceptance deliverable,WEIGHTED_DELIVERABLE,ACCEPTANCE_EVIDENCE_UNSPECIFIED,User-approved synthetic cost ownership; PV rule/date proxies newly proposed Phase 3F,APPROVED_SYNTHETIC_PV_RULE
CL0298,P11,P11-A11,P11-WP051,P11-WP051,SOURCE_WP_SCOPE,64000,2026-01-27,2026-02-09,MON_FRI_NO_HOLIDAYS,FINAL_GATE,100,2026-02-09,100% at activity finish as synthetic scheduled acceptance proxy; later EV requires independent deliverable evidence.,Task-specific approved acceptance deliverable,WEIGHTED_DELIVERABLE,ACCEPTANCE_EVIDENCE_UNSPECIFIED,User-approved synthetic cost ownership; PV rule/date proxies newly proposed Phase 3F,APPROVED_SYNTHETIC_PV_RULE
CL0299,P11,P11-B1gis,P11-WP061,P11-WP061,SOURCE_WP_SCOPE,22400,2025-12-09,2025-12-22,MON_FRI_NO_HOLIDAYS,WORKDAY_SPREAD,PER_WORKDAY,ALL_BUSINESS_DAYS,"Evenly across inclusive scheduled Monday-Friday workdays, no holidays; final cent residual on last day.",Approve this LOE/planned-work proxy and physical progress EV rule separately,WORKDAY_OR_DELIVERABLE,DEFAULT_RULE_REQUIRES_APPROVAL,User-approved synthetic cost ownership; PV rule/date proxies newly proposed Phase 3F,APPROVED_SYNTHETIC_PV_RULE
CL0300,P11,P11-B2gis,P11-WP061,P11-WP061,SOURCE_WP_SCOPE,22400,2026-01-13,2026-01-26,MON_FRI_NO_HOLIDAYS,WORKDAY_SPREAD,PER_WORKDAY,ALL_BUSINESS_DAYS,"Evenly across inclusive scheduled Monday-Friday workdays, no holidays; final cent residual on last day.",Approve this LOE/planned-work proxy and physical progress EV rule separately,WORKDAY_OR_DELIVERABLE,DEFAULT_RULE_REQUIRES_APPROVAL,User-approved synthetic cost ownership; PV rule/date proxies newly proposed Phase 3F,APPROVED_SYNTHETIC_PV_RULE
CL0301,P11,P11-A12,P11-WP061,P11-WP061,SOURCE_WP_SCOPE,22400,2026-02-10,2026-02-23,MON_FRI_NO_HOLIDAYS,FINAL_GATE,100,2026-02-23,100% at activity finish as synthetic scheduled acceptance proxy; later EV requires independent deliverable evidence.,Task-specific approved acceptance deliverable,WORKDAY_OR_DELIVERABLE,ACCEPTANCE_EVIDENCE_UNSPECIFIED,User-approved synthetic cost ownership; PV rule/date proxies newly proposed Phase 3F,APPROVED_SYNTHETIC_PV_RULE
CL0302,P11,P11-A13,P11-WP062,P11-WP062,SOURCE_WP_SCOPE,28800,2026-02-17,2026-03-09,MON_FRI_NO_HOLIDAYS,FINAL_GATE,100,2026-03-09,100% at activity finish as synthetic scheduled acceptance proxy; later EV requires independent deliverable evidence.,Task-specific approved acceptance deliverable,WORKDAY_OR_DELIVERABLE,ACCEPTANCE_EVIDENCE_UNSPECIFIED,User-approved synthetic cost ownership; PV rule/date proxies newly proposed Phase 3F,APPROVED_SYNTHETIC_PV_RULE
CL0303,P12,P12-Y1A1,P12-WP011,P12-WP011,SOURCE_WP_SCOPE,28560,2025-01-02,2025-01-22,MON_FRI_NO_HOLIDAYS,WORKDAY_SPREAD,PER_WORKDAY,ALL_BUSINESS_DAYS,"Evenly across inclusive scheduled Monday-Friday workdays, no holidays; final cent residual on last day.",Approve this LOE/planned-work proxy and physical progress EV rule separately,WORKDAY_OR_DELIVERABLE,DEFAULT_RULE_REQUIRES_APPROVAL,User-approved synthetic cost ownership; PV rule/date proxies newly proposed Phase 3F,APPROVED_SYNTHETIC_PV_RULE
CL0304,P12,P12-Y1A2,P12-WP011,P12-WP011,SOURCE_WP_SCOPE,28560,2025-01-23,2025-02-19,MON_FRI_NO_HOLIDAYS,WORKDAY_SPREAD,PER_WORKDAY,ALL_BUSINESS_DAYS,"Evenly across inclusive scheduled Monday-Friday workdays, no holidays; final cent residual on last day.",Approve this LOE/planned-work proxy and physical progress EV rule separately,WORKDAY_OR_DELIVERABLE,DEFAULT_RULE_REQUIRES_APPROVAL,User-approved synthetic cost ownership; PV rule/date proxies newly proposed Phase 3F,APPROVED_SYNTHETIC_PV_RULE
CL0305,P12,P12-Y2A1,P12-WP011,P12-WP011,SOURCE_WP_SCOPE,36720,2025-10-30,2025-11-19,MON_FRI_NO_HOLIDAYS,WORKDAY_SPREAD,PER_WORKDAY,ALL_BUSINESS_DAYS,"Evenly across inclusive scheduled Monday-Friday workdays, no holidays; final cent residual on last day.",Approve this LOE/planned-work proxy and physical progress EV rule separately,WORKDAY_OR_DELIVERABLE,DEFAULT_RULE_REQUIRES_APPROVAL,User-approved synthetic cost ownership; PV rule/date proxies newly proposed Phase 3F,APPROVED_SYNTHETIC_PV_RULE
CL0306,P12,P12-Y2A2,P12-WP011,P12-WP011,SOURCE_WP_SCOPE,36720,2025-11-20,2025-12-17,MON_FRI_NO_HOLIDAYS,WORKDAY_SPREAD,PER_WORKDAY,ALL_BUSINESS_DAYS,"Evenly across inclusive scheduled Monday-Friday workdays, no holidays; final cent residual on last day.",Approve this LOE/planned-work proxy and physical progress EV rule separately,WORKDAY_OR_DELIVERABLE,DEFAULT_RULE_REQUIRES_APPROVAL,User-approved synthetic cost ownership; PV rule/date proxies newly proposed Phase 3F,APPROVED_SYNTHETIC_PV_RULE
CL0307,P12,P12-Y3A1,P12-WP011,P12-WP011,SOURCE_WP_SCOPE,36720,2026-08-27,2026-09-16,MON_FRI_NO_HOLIDAYS,WORKDAY_SPREAD,PER_WORKDAY,ALL_BUSINESS_DAYS,"Evenly across inclusive scheduled Monday-Friday workdays, no holidays; final cent residual on last day.",Approve this LOE/planned-work proxy and physical progress EV rule separately,WORKDAY_OR_DELIVERABLE,DEFAULT_RULE_REQUIRES_APPROVAL,User-approved synthetic cost ownership; PV rule/date proxies newly proposed Phase 3F,APPROVED_SYNTHETIC_PV_RULE
CL0308,P12,P12-Y3A2,P12-WP011,P12-WP011,SOURCE_WP_SCOPE,36720,2026-09-17,2026-10-14,MON_FRI_NO_HOLIDAYS,WORKDAY_SPREAD,PER_WORKDAY,ALL_BUSINESS_DAYS,"Evenly across inclusive scheduled Monday-Friday workdays, no holidays; final cent residual on last day.",Approve this LOE/planned-work proxy and physical progress EV rule separately,WORKDAY_OR_DELIVERABLE,DEFAULT_RULE_REQUIRES_APPROVAL,User-approved synthetic cost ownership; PV rule/date proxies newly proposed Phase 3F,APPROVED_SYNTHETIC_PV_RULE
CL0309,P12,P12-Y1A3,P12-WP021,P12-WP021,SOURCE_WP_SCOPE,42840,2025-02-20,2025-03-19,MON_FRI_NO_HOLIDAYS,WORKDAY_FALLBACK,PER_WORKDAY,ALL_BUSINESS_DAYS,Even workday spread pending planned installation quantities; do not describe workday progression as measured physical quantity.,Approved workday fallback or quantity schedule,QUANTITY_OR_WEIGHTED,DEFAULT_RULE_REQUIRES_APPROVAL,User-approved synthetic cost ownership; PV rule/date proxies newly proposed Phase 3F,APPROVED_SYNTHETIC_PV_RULE
CL0310,P12,P12-Y1A4,P12-WP021,P12-WP021,SOURCE_WP_SCOPE,42840,2025-03-20,2025-04-09,MON_FRI_NO_HOLIDAYS,WORKDAY_FALLBACK,PER_WORKDAY,ALL_BUSINESS_DAYS,Even workday spread pending planned installation quantities; do not describe workday progression as measured physical quantity.,Approved workday fallback or quantity schedule,QUANTITY_OR_WEIGHTED,DEFAULT_RULE_REQUIRES_APPROVAL,User-approved synthetic cost ownership; PV rule/date proxies newly proposed Phase 3F,APPROVED_SYNTHETIC_PV_RULE
CL0311,P12,P12-Y2A3,P12-WP021,P12-WP021,SOURCE_WP_SCOPE,55080,2025-12-18,2026-01-14,MON_FRI_NO_HOLIDAYS,WORKDAY_FALLBACK,PER_WORKDAY,ALL_BUSINESS_DAYS,Even workday spread pending planned installation quantities; do not describe workday progression as measured physical quantity.,Approved workday fallback or quantity schedule,QUANTITY_OR_WEIGHTED,DEFAULT_RULE_REQUIRES_APPROVAL,User-approved synthetic cost ownership; PV rule/date proxies newly proposed Phase 3F,APPROVED_SYNTHETIC_PV_RULE
CL0312,P12,P12-Y2A4,P12-WP021,P12-WP021,SOURCE_WP_SCOPE,55080,2026-01-15,2026-02-04,MON_FRI_NO_HOLIDAYS,WORKDAY_FALLBACK,PER_WORKDAY,ALL_BUSINESS_DAYS,Even workday spread pending planned installation quantities; do not describe workday progression as measured physical quantity.,Approved workday fallback or quantity schedule,QUANTITY_OR_WEIGHTED,DEFAULT_RULE_REQUIRES_APPROVAL,User-approved synthetic cost ownership; PV rule/date proxies newly proposed Phase 3F,APPROVED_SYNTHETIC_PV_RULE
CL0313,P12,P12-Y3A3,P12-WP021,P12-WP021,SOURCE_WP_SCOPE,55080,2026-10-15,2026-11-11,MON_FRI_NO_HOLIDAYS,WORKDAY_FALLBACK,PER_WORKDAY,ALL_BUSINESS_DAYS,Even workday spread pending planned installation quantities; do not describe workday progression as measured physical quantity.,Approved workday fallback or quantity schedule,QUANTITY_OR_WEIGHTED,DEFAULT_RULE_REQUIRES_APPROVAL,User-approved synthetic cost ownership; PV rule/date proxies newly proposed Phase 3F,APPROVED_SYNTHETIC_PV_RULE
CL0314,P12,P12-Y3A4,P12-WP021,P12-WP021,SOURCE_WP_SCOPE,55080,2026-11-12,2026-12-02,MON_FRI_NO_HOLIDAYS,WORKDAY_FALLBACK,PER_WORKDAY,ALL_BUSINESS_DAYS,Even workday spread pending planned installation quantities; do not describe workday progression as measured physical quantity.,Approved workday fallback or quantity schedule,QUANTITY_OR_WEIGHTED,DEFAULT_RULE_REQUIRES_APPROVAL,User-approved synthetic cost ownership; PV rule/date proxies newly proposed Phase 3F,APPROVED_SYNTHETIC_PV_RULE
CL0315,P12,P12-Y1A5,P12-WP031,P12-WP031,SOURCE_WP_SCOPE,114240,2025-04-10,2025-05-14,MON_FRI_NO_HOLIDAYS,PROCUREMENT_20_30_30_20,20|30|30|20,2025-04-16|2025-04-28|2025-05-07|2025-05-14,"Synthetic 20/30/30/20 stage weights at 20%, 50%, 80%, 100% of inclusive scheduled workdays; stage labels approval, fabrication, inspection, acceptance are proxies requiring substitution if inconsistent with activity scope.",Four distinct dated stage/acceptance records (provisional schedule-relative proxies),WORKDAY_OR_DELIVERABLE,WEIGHTS_AND_EVENT_DATES_UNSPECIFIED,User-approved synthetic cost ownership; PV rule/date proxies newly proposed Phase 3F,APPROVED_SYNTHETIC_PV_RULE
CL0316,P12,P12-Y2A5,P12-WP031,P12-WP031,SOURCE_WP_SCOPE,146880,2026-02-05,2026-03-11,MON_FRI_NO_HOLIDAYS,PROCUREMENT_20_30_30_20,20|30|30|20,2026-02-11|2026-02-23|2026-03-04|2026-03-11,"Synthetic 20/30/30/20 stage weights at 20%, 50%, 80%, 100% of inclusive scheduled workdays; stage labels approval, fabrication, inspection, acceptance are proxies requiring substitution if inconsistent with activity scope.",Four distinct dated stage/acceptance records (provisional schedule-relative proxies),WORKDAY_OR_DELIVERABLE,WEIGHTS_AND_EVENT_DATES_UNSPECIFIED,User-approved synthetic cost ownership; PV rule/date proxies newly proposed Phase 3F,APPROVED_SYNTHETIC_PV_RULE
CL0317,P12,P12-Y3A5,P12-WP031,P12-WP031,SOURCE_WP_SCOPE,146880,2026-12-03,2027-01-06,MON_FRI_NO_HOLIDAYS,PROCUREMENT_20_30_30_20,20|30|30|20,2026-12-09|2026-12-21|2026-12-30|2027-01-06,"Synthetic 20/30/30/20 stage weights at 20%, 50%, 80%, 100% of inclusive scheduled workdays; stage labels approval, fabrication, inspection, acceptance are proxies requiring substitution if inconsistent with activity scope.",Four distinct dated stage/acceptance records (provisional schedule-relative proxies),WORKDAY_OR_DELIVERABLE,WEIGHTS_AND_EVENT_DATES_UNSPECIFIED,User-approved synthetic cost ownership; PV rule/date proxies newly proposed Phase 3F,APPROVED_SYNTHETIC_PV_RULE
CL0318,P12,P12-Y1A6,P12-WP041,P12-WP041,SOURCE_WP_SCOPE,944194,2025-05-15,2025-09-17,MON_FRI_NO_HOLIDAYS,WORKDAY_FALLBACK,PER_WORKDAY,ALL_BUSINESS_DAYS,Even workday spread pending planned installation quantities; do not describe workday progression as measured physical quantity.,Approved workday fallback or quantity schedule,QUANTITY_DRIVEN_PROVISIONAL,QUANTITY_PROFILE_OR_FALLBACK_UNSPECIFIED,User-approved synthetic cost ownership; PV rule/date proxies newly proposed Phase 3F,APPROVED_SYNTHETIC_PV_RULE
CL0319,P12,P12-Y2A6,P12-WP041,P12-WP041,SOURCE_WP_SCOPE,1213963,2026-03-12,2026-07-15,MON_FRI_NO_HOLIDAYS,WORKDAY_FALLBACK,PER_WORKDAY,ALL_BUSINESS_DAYS,Even workday spread pending planned installation quantities; do not describe workday progression as measured physical quantity.,Approved workday fallback or quantity schedule,QUANTITY_DRIVEN_PROVISIONAL,QUANTITY_PROFILE_OR_FALLBACK_UNSPECIFIED,User-approved synthetic cost ownership; PV rule/date proxies newly proposed Phase 3F,APPROVED_SYNTHETIC_PV_RULE
CL0320,P12,P12-Y3A6,P12-WP041,P12-WP041,SOURCE_WP_SCOPE,1213963,2027-01-07,2027-05-12,MON_FRI_NO_HOLIDAYS,WORKDAY_FALLBACK,PER_WORKDAY,ALL_BUSINESS_DAYS,Even workday spread pending planned installation quantities; do not describe workday progression as measured physical quantity.,Approved workday fallback or quantity schedule,QUANTITY_DRIVEN_PROVISIONAL,QUANTITY_PROFILE_OR_FALLBACK_UNSPECIFIED,User-approved synthetic cost ownership; PV rule/date proxies newly proposed Phase 3F,APPROVED_SYNTHETIC_PV_RULE
CL0321,P12,P12-Y1A7,P12-WP051,P12-WP051,SOURCE_WP_SCOPE,57120,2025-09-18,2025-10-08,MON_FRI_NO_HOLIDAYS,FINAL_GATE,100,2025-10-08,100% at activity finish as synthetic scheduled acceptance proxy; later EV requires independent deliverable evidence.,Task-specific approved acceptance deliverable,WEIGHTED_DELIVERABLE,ACCEPTANCE_EVIDENCE_UNSPECIFIED,User-approved synthetic cost ownership; PV rule/date proxies newly proposed Phase 3F,APPROVED_SYNTHETIC_PV_RULE
CL0322,P12,P12-Y2A7,P12-WP051,P12-WP051,SOURCE_WP_SCOPE,73440,2026-07-16,2026-08-05,MON_FRI_NO_HOLIDAYS,FINAL_GATE,100,2026-08-05,100% at activity finish as synthetic scheduled acceptance proxy; later EV requires independent deliverable evidence.,Task-specific approved acceptance deliverable,WEIGHTED_DELIVERABLE,ACCEPTANCE_EVIDENCE_UNSPECIFIED,User-approved synthetic cost ownership; PV rule/date proxies newly proposed Phase 3F,APPROVED_SYNTHETIC_PV_RULE
CL0323,P12,P12-Y3A7,P12-WP051,P12-WP051,SOURCE_WP_SCOPE,73440,2027-05-13,2027-06-02,MON_FRI_NO_HOLIDAYS,FINAL_GATE,100,2027-06-02,100% at activity finish as synthetic scheduled acceptance proxy; later EV requires independent deliverable evidence.,Task-specific approved acceptance deliverable,WEIGHTED_DELIVERABLE,ACCEPTANCE_EVIDENCE_UNSPECIFIED,User-approved synthetic cost ownership; PV rule/date proxies newly proposed Phase 3F,APPROVED_SYNTHETIC_PV_RULE
CL0324,P12,P12-Y1A8,P12-WP061,P12-WP061,SOURCE_WP_SCOPE,28560,2025-10-09,2025-10-29,MON_FRI_NO_HOLIDAYS,FINAL_GATE,100,2025-10-29,100% at activity finish as synthetic scheduled acceptance proxy; later EV requires independent deliverable evidence.,Task-specific approved acceptance deliverable,WORKDAY_OR_DELIVERABLE,ACCEPTANCE_EVIDENCE_UNSPECIFIED,User-approved synthetic cost ownership; PV rule/date proxies newly proposed Phase 3F,APPROVED_SYNTHETIC_PV_RULE
CL0325,P12,P12-Y2A8,P12-WP061,P12-WP061,SOURCE_WP_SCOPE,36720,2026-08-06,2026-08-26,MON_FRI_NO_HOLIDAYS,FINAL_GATE,100,2026-08-26,100% at activity finish as synthetic scheduled acceptance proxy; later EV requires independent deliverable evidence.,Task-specific approved acceptance deliverable,WORKDAY_OR_DELIVERABLE,ACCEPTANCE_EVIDENCE_UNSPECIFIED,User-approved synthetic cost ownership; PV rule/date proxies newly proposed Phase 3F,APPROVED_SYNTHETIC_PV_RULE
CL0326,P12,P12-Y3A8,P12-WP061,P12-WP061,SOURCE_WP_SCOPE,36720,2027-06-03,2027-06-23,MON_FRI_NO_HOLIDAYS,FINAL_GATE,100,2027-06-23,100% at activity finish as synthetic scheduled acceptance proxy; later EV requires independent deliverable evidence.,Task-specific approved acceptance deliverable,WORKDAY_OR_DELIVERABLE,ACCEPTANCE_EVIDENCE_UNSPECIFIED,User-approved synthetic cost ownership; PV rule/date proxies newly proposed Phase 3F,APPROVED_SYNTHETIC_PV_RULE
CL0327,P03,P03-A28,P03-WP051,P03-WP052,Performance / Acceptance Testing,487200,2026-10-08,2026-11-04,MON_FRI_NO_HOLIDAYS,FINAL_GATE,100,2026-11-04,100% on documented performance acceptance (not startup completion).,Performance acceptance record,DELIVERABLE_GATED_OR_QUANTITY_WEIGHTED__DEFINE_BEFORE_PV,REQUIRES_COMPONENT_EVIDENCE,User-approved synthetic cost ownership; PV rule/date proxies newly proposed Phase 3F,APPROVED_SYNTHETIC_PV_RULE
CL0328,P03,P03-A29,P03-WP041,P03-WP053,SCADA checkout / regulatory sign-off,121800,2026-09-10,2026-09-30,MON_FRI_NO_HOLIDAYS,FINAL_GATE,100,2026-09-30,100% on separately defined SCADA checkout or regulatory acceptance evidence according to activity.,SCADA checkout/authority sign-off,DELIVERABLE_GATED_OR_QUANTITY_WEIGHTED__DEFINE_BEFORE_PV,REQUIRES_COMPONENT_EVIDENCE,User-approved synthetic cost ownership; PV rule/date proxies newly proposed Phase 3F,APPROVED_SYNTHETIC_PV_RULE
CL0329,P03,P03-A30,P03-WP022,P03-WP053,SCADA checkout / regulatory sign-off,121800,2026-11-05,2026-12-02,MON_FRI_NO_HOLIDAYS,FINAL_GATE,100,2026-12-02,100% on separately defined SCADA checkout or regulatory acceptance evidence according to activity.,SCADA checkout/authority sign-off,DELIVERABLE_GATED_OR_QUANTITY_WEIGHTED__DEFINE_BEFORE_PV,REQUIRES_COMPONENT_EVIDENCE,User-approved synthetic cost ownership; PV rule/date proxies newly proposed Phase 3F,APPROVED_SYNTHETIC_PV_RULE
CL0330,P05,P05-A12c,P05-WP051,P05-WP043,Zone sampling / water quality,105450,2025-12-01,2025-12-19,MON_FRI_NO_HOLIDAYS,FINAL_GATE,100,2025-12-19,100% on zone-specific sampling clearance; never reused for field replacement.,Zone-specific water-quality clearance,DELIVERABLE_GATED_OR_QUANTITY_WEIGHTED__DEFINE_BEFORE_PV,REQUIRES_COMPONENT_EVIDENCE,User-approved synthetic cost ownership; PV rule/date proxies newly proposed Phase 3F,APPROVED_SYNTHETIC_PV_RULE
CL0331,P05,P05-A13c,P05-WP051,P05-WP043,Zone sampling / water quality,105450,2025-12-29,2026-01-16,MON_FRI_NO_HOLIDAYS,FINAL_GATE,100,2026-01-16,100% on zone-specific sampling clearance; never reused for field replacement.,Zone-specific water-quality clearance,DELIVERABLE_GATED_OR_QUANTITY_WEIGHTED__DEFINE_BEFORE_PV,REQUIRES_COMPONENT_EVIDENCE,User-approved synthetic cost ownership; PV rule/date proxies newly proposed Phase 3F,APPROVED_SYNTHETIC_PV_RULE
CL0332,P05,P05-A14c,P05-WP051,P05-WP043,Zone sampling / water quality,105450,2026-01-26,2026-02-13,MON_FRI_NO_HOLIDAYS,FINAL_GATE,100,2026-02-13,100% on zone-specific sampling clearance; never reused for field replacement.,Zone-specific water-quality clearance,DELIVERABLE_GATED_OR_QUANTITY_WEIGHTED__DEFINE_BEFORE_PV,REQUIRES_COMPONENT_EVIDENCE,User-approved synthetic cost ownership; PV rule/date proxies newly proposed Phase 3F,APPROVED_SYNTHETIC_PV_RULE
CL0333,P05,P05-A15c,P05-WP051,P05-WP043,Zone sampling / water quality,105450,2026-02-23,2026-03-13,MON_FRI_NO_HOLIDAYS,FINAL_GATE,100,2026-03-13,100% on zone-specific sampling clearance; never reused for field replacement.,Zone-specific water-quality clearance,DELIVERABLE_GATED_OR_QUANTITY_WEIGHTED__DEFINE_BEFORE_PV,REQUIRES_COMPONENT_EVIDENCE,User-approved synthetic cost ownership; PV rule/date proxies newly proposed Phase 3F,APPROVED_SYNTHETIC_PV_RULE
CL0334,P10,P10-A2,P10-WP011,P10-WP012,Project definition,81400,2026-04-22,2026-05-05,MON_FRI_NO_HOLIDAYS,FINAL_GATE,100,2026-05-05,100% on signed project scope definition distinct from needs assessment.,Approved definition of scope,DELIVERABLE_GATED_OR_QUANTITY_WEIGHTED__DEFINE_BEFORE_PV,REQUIRES_COMPONENT_EVIDENCE,User-approved synthetic cost ownership; PV rule/date proxies newly proposed Phase 3F,APPROVED_SYNTHETIC_PV_RULE
CL0335,P11,P11-B1gis,P11-WP061,P11-WP042,GIS mapping,89600,2025-12-09,2025-12-22,MON_FRI_NO_HOLIDAYS,FINAL_GATE,100,2025-12-22,100% on each batch GIS/asset-record update acceptance; separate from valve installation.,GIS deliverable acceptance,DELIVERABLE_GATED_OR_QUANTITY_WEIGHTED__DEFINE_BEFORE_PV,REQUIRES_COMPONENT_EVIDENCE,User-approved synthetic cost ownership; PV rule/date proxies newly proposed Phase 3F,APPROVED_SYNTHETIC_PV_RULE
CL0336,P11,P11-B2gis,P11-WP061,P11-WP042,GIS mapping,89600,2026-01-13,2026-01-26,MON_FRI_NO_HOLIDAYS,FINAL_GATE,100,2026-01-26,100% on each batch GIS/asset-record update acceptance; separate from valve installation.,GIS deliverable acceptance,DELIVERABLE_GATED_OR_QUANTITY_WEIGHTED__DEFINE_BEFORE_PV,REQUIRES_COMPONENT_EVIDENCE,User-approved synthetic cost ownership; PV rule/date proxies newly proposed Phase 3F,APPROVED_SYNTHETIC_PV_RULE
CL0337,P12,P12-Y1A6,P12-WP041,P12-WP042,Emergency work orders,141086,2025-05-15,2025-09-17,MON_FRI_NO_HOLIDAYS,WORKDAY_FALLBACK,PER_WORKDAY,ALL_BUSINESS_DAYS,Provisional even distribution over existing annual field-execution interval; actual EV later requires distinct documented emergency work-order quantities.,P12 segregated emergency work-order register,DELIVERABLE_GATED_OR_QUANTITY_WEIGHTED__DEFINE_BEFORE_PV,REQUIRES_SYNTHETIC_QUANTITIES,User-approved synthetic cost ownership; PV rule/date proxies newly proposed Phase 3F,APPROVED_SYNTHETIC_PV_RULE
CL0338,P12,P12-Y2A6,P12-WP041,P12-WP042,Emergency work orders,181397,2026-03-12,2026-07-15,MON_FRI_NO_HOLIDAYS,WORKDAY_FALLBACK,PER_WORKDAY,ALL_BUSINESS_DAYS,Provisional even distribution over existing annual field-execution interval; actual EV later requires distinct documented emergency work-order quantities.,P12 segregated emergency work-order register,DELIVERABLE_GATED_OR_QUANTITY_WEIGHTED__DEFINE_BEFORE_PV,REQUIRES_SYNTHETIC_QUANTITIES,User-approved synthetic cost ownership; PV rule/date proxies newly proposed Phase 3F,APPROVED_SYNTHETIC_PV_RULE
CL0339,P12,P12-Y3A6,P12-WP041,P12-WP042,Emergency work orders,181397,2027-01-07,2027-05-12,MON_FRI_NO_HOLIDAYS,WORKDAY_FALLBACK,PER_WORKDAY,ALL_BUSINESS_DAYS,Provisional even distribution over existing annual field-execution interval; actual EV later requires distinct documented emergency work-order quantities.,P12 segregated emergency work-order register,DELIVERABLE_GATED_OR_QUANTITY_WEIGHTED__DEFINE_BEFORE_PV,REQUIRES_SYNTHETIC_QUANTITIES,User-approved synthetic cost ownership; PV rule/date proxies newly proposed Phase 3F,APPROVED_SYNTHETIC_PV_RULE
CL0340,P04,P04-A14,P04-WP041,P04-WP051,FUNCTIONAL_TEST_PREPARATION_REFILL_DISINFECTION_COMPONENT,132000,2026-03-02,2026-03-06,MON_FRI_NO_HOLIDAYS,FINAL_GATE,100,2026-03-06,100% upon synthetic functional-readiness sign-off for tank refill/disinfection; excludes water-quality acceptance.,P04 functional readiness certificate,WEIGHTED_ACCEPTANCE_GATE,REQUIRES_SYNTHETIC_EVIDENCE_PROTOCOL,User-approved synthetic cost ownership; PV rule/date proxies newly proposed Phase 3F,APPROVED_SYNTHETIC_PV_RULE
CL0341,P04,P04-A15,P04-WP022,P04-WP051,FUNCTIONAL_ACCEPTANCE_CLEARANCE_COMPONENT,198000,2026-03-09,2026-03-13,MON_FRI_NO_HOLIDAYS,FINAL_GATE,100,2026-03-13,100% upon separate synthetic functional acceptance after bacteriological and regulatory clearance; excludes earlier readiness.,P04 functional acceptance certificate,WEIGHTED_ACCEPTANCE_GATE,REQUIRES_SYNTHETIC_EVIDENCE_PROTOCOL,User-approved synthetic cost ownership; PV rule/date proxies newly proposed Phase 3F,APPROVED_SYNTHETIC_PV_RULE
CL0342,P08,P08-A15,P08-WP041,P08-WP043,VENDOR_INTEGRATED_FUEL_TANK_PIPING_INSTALLATION,179400,2026-09-28,2026-10-09,MON_FRI_NO_HOLIDAYS,FINAL_GATE,100,2026-10-09,100% upon independent synthetic fuel system installation inspection and acceptance; separate from generator rigging.,P08 fuel-system inspection and acceptance,WEIGHTED_VENDOR_DELIVERABLE,REQUIRES_SYNTHETIC_VENDOR_ACCEPTANCE,User-approved synthetic cost ownership; PV rule/date proxies newly proposed Phase 3F,APPROVED_SYNTHETIC_PV_RULE
